Data,PaymentID,GarantyID,ClientID,DiscountID,ProductID,AmountProducts,TotalPrice,TotalPriceDiscount,EndGaranty
2019-07-08,65,57329,4004,67,39340,42,9575.31,24870.53,2019-07-08
2019-07-20,28,57062,8295,21,47635,64,8816.77,29603.25,2021-02-17
2019-09-08,9,3081,4208,9,37614,75,7032.23,24155.19,2021-08-21
2019-12-04,17,22349,2615,26,36624,36,4837.68,10101.41,2020-05-20
2019-02-26,77,31446,2240,79,18913,26,2744.11,1355.91,2020-10-18
2019-09-14,56,7385,8056,22,62035,73,6404.82,48671.49,2020-10-24
2019-07-21,93,4008,2224,51,43226,40,4631.1,18916.08,2020-12-27
2019-03-02,100,49425,8731,83,40123,11,8781.98,26707.36,2020-06-08
2019-09-30,27,13555,4388,28,16868,67,1172.99,8343.09,2020-07-01
2019-12-06,10,27007,9837,45,51723,100,621.87,48053.76,2021-02-26
2019-08-21,32,54861,3034,89,40081,37,2826.67,1570.9,2021-01-18
2019-09-27,71,10508,6709,12,34311,82,469.25,48198.71,2019-11-14
2019-03-13,40,34601,6837,18,1173,64,6420.88,17405.0,2021-10-12
2019-07-16,76,5097,6961,73,8036,9,1338.16,41090.17,2021-10-15
2019-01-28,22,59720,4336,1,2660,67,2325.08,33695.73,2019-10-18
2019-12-11,30,6506,2404,23,47905,91,9940.95,48573.4,2020-07-09
2019-10-25,78,5509,8253,99,5639,6,1271.99,12119.5,2021-02-10
2019-01-25,58,55352,7119,90,51329,92,3629.36,44581.77,2021-07-24
2019-02-20,48,62115,1862,98,15418,42,9143.37,13322.17,2019-03-10
2019-10-22,61,66726,7741,61,23734,11,5904.41,27.12,2021-06-25
2019-06-25,1,26129,3291,89,52027,4,9192.92,34702.29,2020-08-05
2019-10-24,70,23003,5197,14,50342,29,997.62,24634.98,2019-12-08
2019-12-20,42,21369,8370,20,48317,59,2569.84,22950.89,2021-02-23
2019-01-22,99,34231,2272,49,46483,79,2706.82,12988.76,2019-08-13
2019-04-28,17,18267,8908,16,54082,19,9608.09,49610.07,2021-11-22
2019-04-25,47,45195,7632,7,32454,59,6398.25,24929.39,2021-12-31
2019-03-20,82,28396,3575,84,33528,29,7697.96,28251.55,2019-11-27
2019-08-01,28,53397,8750,28,52494,11,4961.84,39894.97,2020-12-26
2019-10-17,79,33036,9795,48,19593,95,8284.13,8622.85,2021-12-08
2019-10-31,64,16951,766,62,57769,87,5190.03,32653.72,2022-01-08
2019-08-15,68,47723,1770,13,15808,59,1040.75,2526.73,2020-07-12
2019-01-13,56,34367,9417,58,48486,74,8884.63,17859.14,2020-05-19
2019-06-16,60,19143,3420,32,11718,67,1461.73,1017.88,2021-07-13
2019-09-29,6,7627,8185,56,15223,92,5715.83,38613.41,2019-08-17
2019-03-27,71,15994,1073,18,25416,87,4308.49,3686.39,2022-01-29
2019-08-15,28,20822,2665,56,40587,66,8392.46,22670.64,2020-10-01
2019-02-04,100,20299,2444,46,32551,62,4437.41,10658.34,2019-10-27
2019-02-06,67,13556,9838,7,51610,93,2579.69,21938.26,2021-01-05
2019-07-11,89,20909,7115,24,32085,71,5620.03,34445.28,2021-02-04
2019-06-04,67,57057,3548,29,17076,91,4175.77,26051.94,2019-11-08
2019-07-30,67,66846,8638,63,60766,100,7307.41,33399.46,2020-03-18
2019-12-06,59,15993,5095,59,22864,91,4963.21,18392.56,2019-10-28
2019-06-27,87,22393,7978,38,1629,93,1957.12,37427.97,2021-12-02
2019-02-22,65,52365,842,45,26027,14,9827.21,5643.15,2021-04-03
2019-09-09,7,35906,248,60,41230,65,6010.65,14870.63,2019-03-01
2019-03-08,48,36805,3469,68,58741,46,5563.63,28536.83,2019-06-22
2019-04-17,44,21220,770,68,2585,21,8121.32,4750.02,2020-09-13
2019-10-09,6,70651,2571,38,8087,88,6856.88,48255.42,2019-07-20
2019-12-14,91,35051,1935,91,33547,88,2819.95,8372.8,2021-12-03
2019-06-03,41,47476,589,41,10038,1,4629.98,40075.81,2021-08-12
2019-10-21,95,6771,4996,52,23360,90,9851.04,25793.4,2019-12-26
2019-05-19,68,54425,9392,6,21590,63,5656.19,11011.74,2021-04-10
2019-08-27,97,23344,1763,5,40016,85,5740.55,49577.97,2020-06-13
2019-04-05,40,36323,1274,5,21669,65,8890.39,12734.64,2019-04-18
2019-03-15,49,22715,3827,1,44143,40,4367.39,7529.09,2020-09-01
2019-11-05,52,48901,2526,80,28226,86,2465.83,36782.55,2021-12-29
2019-05-31,85,16154,1638,59,21489,12,2175.77,36774.39,2019-10-28
2019-11-06,53,60194,4714,50,30027,26,8003.18,43354.08,2020-11-09
2019-11-13,76,74692,6302,76,13616,99,3383.61,12336.71,2020-08-12
2019-02-07,57,25794,3373,46,54954,7,4641.59,15899.37,2020-09-25
2019-03-22,23,3330,7076,100,44606,46,9590.46,6429.14,2021-02-07
2019-04-18,51,20116,1082,43,28071,5,5294.36,8822.3,2021-07-28
2019-09-03,67,55283,3381,67,54687,48,8781.73,46785.27,2019-04-07
2019-01-12,29,12465,2932,84,23800,62,7859.91,9564.45,2021-03-27
2019-04-14,24,23422,9249,17,4218,38,7653.85,44259.52,2021-09-14
2019-07-16,22,52296,3764,35,44817,7,9810.79,32193.66,2019-06-23
2019-06-12,70,68246,30,53,54416,44,5763.78,12416.1,2019-04-29
2019-07-21,51,18,1826,81,27195,98,1920.31,13515.44,2021-10-11
2019-11-11,6,14408,7103,80,7336,29,7055.13,2829.83,2021-05-30
2019-10-24,77,4433,9710,34,18467,24,1089.63,42748.03,2020-06-05
2019-09-09,7,18135,8268,47,28537,50,5970.23,43203.03,2020-06-24
2019-07-20,81,38658,7882,74,61244,77,290.97,42884.27,2020-09-27
2019-04-13,10,51896,2375,98,18068,65,6204.74,3903.31,2021-02-09
2019-04-20,63,67597,6373,100,8545,70,3415.55,22205.0,2020-10-24
2019-01-15,48,18964,8387,55,7781,25,1345.65,20642.84,2020-12-29
2019-04-30,37,25631,4032,69,7613,60,448.92,48949.57,2019-12-30
2019-09-25,100,54179,1103,81,51825,71,3990.68,22156.48,2020-09-13
2019-01-15,28,68869,1400,87,30380,22,9486.47,12337.95,2019-07-03
2019-09-19,13,12130,5911,17,9360,23,6526.07,42804.15,2019-05-18
2019-05-29,3,34588,3266,68,45966,67,8486.1,17346.12,2020-03-07
2019-05-16,93,43538,8507,76,63466,59,813.43,39637.54,2021-07-24
2019-06-16,26,9833,2763,63,60574,77,9290.98,8874.98,2020-01-19
2019-09-16,67,32533,3645,15,13059,72,9017.21,47776.33,2021-07-13
2019-06-08,17,73603,9238,31,6027,1,6068.86,25458.03,2020-03-14
2019-02-24,86,69932,2221,98,42670,56,1539.08,23831.41,2019-07-21
2019-09-02,97,23257,4092,12,36905,44,535.99,16191.13,2021-10-01
2019-01-19,86,8669,9230,19,34230,21,2992.69,2313.23,2020-04-12
2019-08-30,1,54167,74,5,23475,80,2987.51,9075.0,2019-06-18
2019-04-09,75,40048,4493,78,44689,97,6875.16,30246.28,2019-05-30
2019-01-18,11,13539,3111,45,40752,77,7283.89,27441.3,2019-06-17
2019-12-26,73,58912,230,12,37441,84,5947.91,35933.6,2021-03-17
2019-03-11,60,20069,8178,12,61532,17,6698.04,30677.27,2020-12-21
2019-07-24,79,5429,5621,27,43946,97,3528.35,20805.15,2020-09-09
2019-11-25,93,70461,2068,17,19086,47,2003.14,28971.27,2019-09-21
2019-12-03,16,22454,3291,18,16877,87,1867.23,39772.49,2021-06-28
2019-02-28,50,26985,2215,1,25440,25,9849.34,2012.45,2020-09-08
2019-05-16,5,56618,2539,24,52077,2,2187.58,34768.44,2021-05-07
2019-01-24,65,38280,5708,32,27190,87,8559.86,18198.96,2020-07-20
2019-08-17,100,20696,4178,64,59111,52,4171.7,44195.8,2020-02-03
2019-03-15,43,4548,8124,7,43307,98,8272.71,33288.32,2019-04-10
2019-09-18,59,20930,8638,68,25524,99,5215.27,22256.9,2021-09-23
2019-12-16,37,31615,1126,20,47527,9,272.17,2293.64,2019-06-13
2019-04-19,58,23881,1120,74,43383,60,9051.01,24732.18,2019-07-11
2019-06-18,46,8338,3751,17,41552,96,813.87,43682.92,2021-02-06
2019-09-12,80,25592,6287,38,5037,16,4467.85,18138.52,2021-04-20
2019-07-28,20,47985,7260,58,36435,27,6248.22,49824.51,2020-01-24
2019-04-05,74,60854,5298,79,31072,95,5590.38,4975.55,2020-11-07
2019-08-08,93,71617,275,13,47153,51,571.61,10163.52,2020-08-10
2019-03-08,85,2060,3911,41,41538,92,3760.78,48661.31,2020-04-15
2019-03-07,10,47155,3243,40,20464,70,7514.65,34589.8,2020-09-09
2019-07-01,15,19267,2447,24,58485,55,3754.27,45217.19,2019-07-24
2019-07-04,94,24892,5651,91,37337,71,4592.91,16987.98,2020-03-01
2019-09-11,21,20446,9522,49,55583,97,5292.37,12094.33,2020-09-09
2019-11-12,68,69668,9056,10,27679,88,5563.58,10240.87,2022-01-27
2019-05-08,72,69508,1054,72,3987,66,9991.19,41099.77,2020-06-24
2019-07-21,94,62347,83,59,43692,4,7564.38,33587.23,2021-05-09
2019-05-21,66,59925,9401,67,9505,41,1650.76,41590.09,2020-04-25
2019-01-09,48,21580,7100,34,37426,12,5331.97,45278.89,2019-11-20
2019-04-22,74,51541,6988,15,35134,29,3108.1,16137.36,2021-05-29
2020-01-03,30,62352,6704,30,30738,77,6633.83,47513.63,2020-04-24
2019-11-14,19,53293,8025,31,6411,31,273.25,42177.06,2019-12-14
2019-06-24,85,30355,2679,31,7575,35,3594.74,27004.83,2021-09-04
2020-01-03,51,25932,3769,26,48123,81,4333.04,42132.35,2021-05-16
2019-02-21,65,5024,7585,40,43621,76,7782.34,45773.9,2019-11-23
2019-03-20,60,14153,7325,20,29676,49,3249.33,15087.79,2019-09-04
2019-05-02,24,29377,5663,45,46778,47,5904.48,49175.57,2021-09-07
2019-07-13,11,17309,3471,39,7562,75,6389.46,2010.95,2019-05-17
2019-06-15,39,17463,2868,25,37570,83,5304.66,10727.42,2021-06-16
2019-07-12,1,43678,8472,48,11976,25,8415.46,44458.03,2019-08-22
2019-02-17,7,72498,1316,93,43788,60,5602.01,10634.4,2020-09-28
2019-02-22,28,36727,2095,66,63181,47,6659.46,3579.63,2021-11-27
2019-10-17,7,18069,443,1,51169,79,5681.15,11767.27,2021-06-13
2019-08-14,58,35524,7627,80,53448,21,3497.96,14417.59,2019-02-18
2019-06-16,37,41684,9934,41,32175,51,6288.22,3621.24,2022-01-31
2019-11-16,61,36320,6132,83,22890,30,665.71,13002.77,2020-08-25
2019-07-13,23,50519,7129,15,18503,20,7770.78,30266.03,2022-01-25
2019-02-16,16,39466,6603,16,3706,4,4582.41,42565.65,2021-10-23
2019-02-27,87,37327,138,45,50312,67,619.22,31739.66,2022-01-09
2019-12-14,10,38049,2137,48,30405,41,1310.03,9095.84,2020-04-07
2019-02-11,87,12532,185,12,28360,27,1810.15,27321.65,2020-05-26
2019-09-03,90,38766,4731,65,43758,62,4969.8,46938.45,2019-10-30
2019-08-11,50,27429,8170,73,58312,86,6624.28,31392.97,2020-10-22
2019-12-26,77,47205,1879,76,47415,56,313.35,37751.22,2021-01-28
2019-02-16,56,23947,449,63,62635,100,6740.72,12316.04,2019-03-01
2019-09-25,87,30332,6507,46,7068,19,4374.27,41555.85,2020-02-25
2019-03-19,17,8169,861,97,18476,50,9539.44,25089.02,2020-09-04
2019-11-25,34,63749,1036,78,48502,19,6239.96,45646.15,2020-03-24
2019-10-30,3,70110,2386,70,57951,56,4509.8,11297.26,2022-01-17
2019-01-18,79,78,9375,26,53884,25,3011.25,48173.66,2020-03-23
2019-06-04,78,31921,7152,96,6652,21,9874.03,4434.24,2022-01-16
2019-10-06,87,34578,4013,15,5837,95,6676.5,31020.44,2019-07-30
2019-07-23,92,14547,1365,84,55833,11,822.09,35405.23,2021-04-05
2019-12-07,61,44303,4416,13,46695,90,3668.08,4101.4,2020-11-12
2019-04-07,66,7358,4883,14,52814,90,6048.28,33675.24,2020-10-11
2019-11-20,33,62878,5325,43,47231,36,1094.68,12095.33,2020-12-14
2019-02-17,58,73763,7129,77,18032,24,8482.93,13482.76,2021-04-20
2019-05-06,67,57762,1396,49,46603,71,6270.88,21401.31,2021-10-20
2019-03-05,49,40348,5648,12,51329,33,2113.92,30049.07,2020-11-20
2019-12-04,82,61315,7856,8,28731,64,6495.46,29278.67,2021-09-28
2019-08-20,57,30140,5027,62,23307,88,1539.98,26629.12,2019-04-12
2019-12-18,95,61841,4139,3,51920,15,3752.59,36692.42,2019-06-04
2019-06-12,60,59004,9758,47,7482,33,978.83,7122.72,2019-02-14
2019-08-03,51,5523,3259,11,51372,42,9159.99,37324.37,2019-12-29
2019-05-01,61,74425,5301,60,33290,93,8603.83,28262.22,2019-07-15
2019-07-18,15,69565,5167,38,18406,14,7773.42,5045.89,2020-02-12
2019-08-24,79,1425,1929,40,14054,40,4564.4,1180.09,2019-11-16
2019-03-20,25,38413,9471,57,46801,17,25.43,48014.22,2021-09-24
2019-05-08,51,36857,2486,29,2210,67,5660.33,1411.03,2019-03-24
2019-10-12,91,66023,738,3,8523,50,8632.78,47628.14,2020-08-24
2019-01-14,70,48290,6694,93,38222,73,3511.96,41620.2,2021-12-29
2019-10-11,8,15234,2564,31,39280,39,4024.65,19687.63,2021-10-13
2019-10-12,61,57343,7336,88,12558,19,7532.76,3017.42,2020-09-04
2019-04-16,91,39287,8416,70,4050,55,8367.78,38184.95,2019-03-07
2019-02-22,42,47672,815,7,55041,68,7566.94,47708.25,2021-11-20
2019-11-07,70,34230,8982,82,47945,40,5534.57,22983.87,2021-09-24
2019-09-10,96,64558,1423,22,3166,92,1607.66,6067.96,2021-11-25
2019-04-19,46,41269,6574,4,46450,77,7551.53,27284.77,2020-02-20
2019-02-02,99,16014,3724,24,15998,46,1182.87,28758.39,2021-01-25
2019-05-15,57,47409,1048,18,38498,4,3749.76,23899.56,2021-10-02
2019-01-24,38,57724,9166,14,27361,23,2687.84,8838.19,2019-06-26
2019-03-02,21,33470,2601,23,35260,41,342.27,27430.54,2020-03-21
2019-12-25,61,48157,5190,64,4142,61,6467.88,9392.02,2019-03-29
2019-12-15,54,13330,6921,32,62107,31,8205.41,48366.34,2020-10-27
2019-03-04,49,57618,4016,58,37523,93,4098.29,25329.62,2019-07-03
2019-12-15,91,36739,3440,68,55998,11,5207.77,24595.52,2020-03-01
2019-04-19,92,15870,2080,29,6597,85,3278.06,7886.11,2019-12-07
2019-03-03,33,33913,7644,48,7870,52,364.03,29161.99,2021-09-27
2019-08-31,99,40564,473,39,42371,7,6901.26,46219.21,2020-08-13
2019-07-24,41,25370,9496,72,6143,67,6086.15,8638.71,2019-06-19
2019-09-04,6,1081,6772,86,26924,91,3892.79,22475.81,2020-09-13
2019-06-22,73,30815,7019,47,40559,46,3900.29,9273.71,2019-04-30
2019-08-24,49,55868,7815,69,61685,15,4619.5,44195.54,2021-12-13
2020-01-03,59,209,5760,56,26778,76,4297.32,34229.87,2021-08-26
2019-02-20,3,22620,8031,45,18689,4,8155.92,41495.03,2020-05-28
2019-10-29,99,39699,9249,6,55267,98,2981.98,31647.28,2019-08-02
2019-09-04,57,58850,8665,6,2915,9,9850.74,9907.43,2020-04-27
2019-05-08,49,18973,3212,63,21777,6,827.27,34007.8,2020-12-26
2019-09-04,10,33929,4694,23,19378,51,1616.74,7287.23,2021-04-24
2019-11-13,27,22905,6860,39,39729,44,1729.17,3433.7,2021-06-14
2019-11-08,5,53219,2771,83,43999,27,4503.34,24354.59,2019-06-11
2019-07-07,3,24649,2219,18,12005,61,4087.91,19659.49,2019-09-20
2019-12-07,89,31194,3428,95,51516,29,8214.44,45460.98,2021-03-02
2019-08-05,29,9942,9645,3,6623,81,4.41,23335.82,2019-07-02
2019-04-19,34,17159,1698,55,39128,8,1301.37,43840.94,2021-12-28
2019-04-06,91,18218,9957,10,11330,84,6885.93,49115.4,2020-05-13
2019-03-18,2,29371,8139,71,16708,57,3290.93,22150.64,2020-01-24
2019-10-29,71,52503,1444,43,15553,88,8558.49,22144.75,2019-09-16
2019-11-21,30,64842,9778,83,62162,97,3465.98,6916.52,2020-06-23
2019-08-31,83,44700,6394,48,56802,23,9653.36,33452.21,2020-11-22
2019-10-19,92,46781,786,70,36130,88,1691.69,28285.99,2020-07-21
2019-08-13,87,32296,4176,58,30484,66,6932.64,28970.71,2021-02-03
2019-06-11,46,25237,6325,67,16690,79,8556.79,21188.27,2020-11-10
2019-11-09,64,16363,5273,21,37240,13,1451.21,44973.22,2021-06-04
2020-01-01,45,73421,8774,89,17247,65,2470.05,33402.25,2021-09-04
2019-07-01,60,12109,5480,20,43030,54,566.25,9941.37,2021-02-04
2019-03-21,19,64652,6033,26,28517,49,3479.65,6683.83,2019-12-05
2019-07-30,94,34870,7652,59,3512,62,7375.6,13219.76,2020-10-22
2019-03-17,68,16236,5473,100,32445,9,71.02,16963.41,2021-05-25
2019-05-27,18,15242,9186,48,17766,23,6494.96,22418.39,2021-03-29
2019-10-01,1,13594,9559,35,34939,50,7946.78,30568.03,2020-09-25
2019-07-24,73,9948,9284,66,33946,95,8200.34,24558.32,2020-11-01
2020-01-02,53,3278,4933,11,6997,86,3161.52,35502.25,2020-06-03
2019-04-30,39,72068,6986,11,35991,47,5717.91,26377.35,2019-03-21
2019-12-18,39,55727,801,4,7205,82,646.37,18400.36,2019-10-08
2019-03-24,25,42177,4182,1,15007,98,3379.63,45903.93,2020-12-01
2019-03-31,89,47813,5728,4,55875,76,2607.34,42820.28,2019-03-05
2019-01-12,47,64990,4256,28,30373,30,1499.76,8070.94,2019-03-06
2019-04-18,57,38880,9245,15,9078,71,4361.45,39765.9,2020-07-17
2019-05-11,66,29878,2785,20,56635,81,5039.46,24801.13,2019-12-18
2019-01-21,13,34007,7131,62,19650,35,9913.22,43276.05,2021-06-21
2019-06-30,14,58161,8829,96,20891,83,7293.63,36087.3,2019-06-22
2019-08-20,88,52202,7861,30,57774,45,9346.15,17276.19,2021-06-17
2019-12-28,93,59697,3696,7,25405,75,275.15,46183.57,2021-09-19
2019-08-15,70,15354,6207,76,4602,1,9187.98,22207.09,2019-12-29
2019-04-07,46,52658,872,88,63225,70,650.58,17664.13,2020-02-03
2019-02-26,63,33375,443,21,27045,49,2603.73,3752.03,2019-06-22
2019-02-15,60,66122,5922,99,46530,84,9181.61,3265.84,2020-03-27
2019-03-18,25,70386,1927,85,19887,22,8798.27,45694.73,2021-08-29
2019-11-02,35,2048,6838,72,3972,9,147.85,34189.19,2020-02-23
2019-04-02,23,53155,8157,87,52956,55,4419.28,24494.2,2021-08-15
2019-08-09,60,38284,2209,17,34370,36,2177.76,7486.26,2021-04-05
2019-05-27,1,35843,9508,67,59199,16,1698.25,6888.62,2022-02-03
2019-12-29,40,33626,3325,10,54519,97,9949.71,41.04,2021-10-26
2019-02-12,67,42369,8544,55,53827,81,9862.39,2451.21,2019-03-10
2019-06-07,77,64262,3834,23,20626,18,2470.18,34461.95,2020-07-08
2019-08-28,88,64694,9478,79,55532,35,1503.46,42323.98,2021-12-16
2019-11-27,29,24948,1878,86,47057,96,7446.78,31288.93,2021-08-20
2019-09-10,56,3892,240,53,44440,96,1759.64,32501.22,2021-03-27
2019-05-18,65,48136,1244,10,29892,65,9937.18,502.59,2020-12-02
2019-02-09,7,5067,4719,99,12501,86,176.2,44021.89,2021-03-30
2019-08-03,24,58402,948,37,48121,87,2139.37,27098.21,2020-01-08
2019-10-02,48,41544,7302,96,49202,45,6222.17,41050.15,2021-09-26
2019-04-01,84,62774,7049,17,11015,39,2059.88,49456.34,2020-02-09
2019-06-13,64,69819,912,60,23211,4,4758.58,3327.14,2019-12-28
2019-06-21,60,5626,5786,45,59806,70,4251.27,48634.47,2019-07-15
2019-03-11,40,21224,5074,52,60386,40,9290.51,49514.82,2019-10-10
2019-12-26,63,71710,1269,46,5281,59,4502.18,36794.48,2022-01-02
2019-06-27,21,1967,2679,72,16658,12,5406.41,39341.38,2020-07-06
2019-01-15,52,45529,9016,90,3786,36,5010.57,36386.58,2021-04-01
2019-01-27,51,63953,1275,47,9250,43,8813.19,26663.51,2020-10-21
2019-08-10,82,55475,2213,5,24506,67,5953.24,35060.44,2019-11-29
2019-05-02,12,15310,1830,1,24019,72,9814.26,45012.05,2020-04-23
2019-12-05,48,64567,9868,84,24402,13,7721.24,8910.88,2021-11-14
2019-04-16,11,1978,9741,97,15608,45,820.28,40865.34,2020-04-24
2019-07-19,71,56348,6457,41,20066,21,1248.56,42813.14,2021-06-01
2019-07-08,7,67738,7542,68,52566,100,7121.31,24899.4,2020-05-01
2019-11-04,50,49302,3592,31,24359,90,1842.85,39118.19,2019-03-25
2019-09-14,7,17902,6108,66,60229,64,1949.17,38083.48,2020-02-13
2019-08-19,62,45079,7660,32,26790,53,4794.99,8345.25,2019-07-20
2019-11-16,83,17997,7566,80,1382,99,4539.51,102.79,2019-10-01
2019-07-09,58,8262,9796,92,216,50,1603.72,42998.83,2020-06-12
2019-07-31,30,52321,9346,40,37801,23,689.32,49113.24,2021-03-02
2019-05-15,90,37300,9290,16,32035,64,865.36,3353.53,2020-01-18
2019-10-04,87,68010,9311,8,17114,17,5001.77,13608.39,2020-03-06
2019-10-10,44,34229,7030,32,11689,14,7537.45,36937.43,2020-08-15
2019-02-01,42,26360,438,20,38370,73,7832.25,15209.97,2019-11-16
2019-10-06,56,19889,4830,18,32700,40,2676.3,33256.31,2021-08-18
2019-05-11,73,51622,9383,74,36390,80,4173.08,22644.8,2019-07-13
2019-11-16,26,23271,7782,1,63574,18,1527.65,25820.67,2020-11-22
2019-10-19,12,29463,1787,43,62723,93,6522.93,23932.84,2021-04-28
2019-07-05,22,62589,4434,94,31859,98,6044.62,5676.66,2020-11-21
2019-07-02,16,70020,9494,17,48193,40,4790.68,17422.34,2021-06-25
2019-05-20,6,58873,3190,51,60110,39,8189.2,36167.75,2020-12-19
2019-09-20,83,42674,5628,19,37583,31,2627.04,31734.79,2019-05-02
2019-02-15,33,40789,6406,7,50686,19,8257.38,8520.76,2019-10-29
2019-10-10,36,2333,6080,85,47757,89,1357.3,10014.75,2021-12-03
2019-02-16,24,19425,1196,8,30695,32,476.03,29292.2,2019-02-13
2019-02-04,28,28071,6548,66,46656,76,5989.67,7228.2,2021-02-22
2019-02-11,18,19907,2270,14,1601,44,4992.43,4640.53,2021-07-25
2019-07-27,91,38511,1130,60,22723,91,6641.18,26487.25,2021-09-18
2019-04-25,79,7565,8362,39,33670,1,3071.75,30422.25,2022-02-03
2019-03-24,22,71604,5284,7,47770,30,8954.3,27813.99,2021-05-31
2019-08-24,34,6827,154,74,47128,22,2909.55,34540.57,2019-11-14
2019-03-28,46,33073,1346,8,14678,1,7945.04,1329.08,2020-06-21
2019-12-29,57,66377,7220,99,26497,57,946.77,26465.77,2021-05-02
2019-06-02,98,6094,7420,63,4725,63,2332.58,29114.58,2021-09-28
2019-04-16,82,55242,5223,28,2068,84,7270.42,29690.71,2020-06-13
2019-06-02,70,27136,9294,6,41848,68,7321.2,6879.85,2021-09-25
2019-10-13,67,7089,7322,84,33014,6,8396.75,1187.7,2020-02-04
2019-06-21,25,3518,1247,53,17103,19,3241.03,39371.13,2021-12-11
2019-11-14,28,48208,5635,51,58297,41,6244.11,25713.41,2021-06-18
2019-09-13,9,64261,1528,27,43029,32,3681.16,49841.61,2020-01-21
2019-06-01,96,30701,4032,63,21586,65,5510.37,45193.45,2021-03-11
2019-10-31,60,685,5253,31,17860,40,3036.78,40386.77,2020-04-20
2019-07-11,41,34859,8949,78,52270,12,8908.6,39084.15,2019-07-05
2019-11-17,74,70573,4607,17,45425,25,9062.38,27734.23,2021-10-05
2019-10-26,43,31676,8968,35,14124,45,3011.8,36396.7,2021-11-01
2019-11-01,54,49467,8623,73,20744,7,6273.13,18631.28,2019-06-16
2019-05-02,64,40343,7597,74,7227,11,802.43,16516.3,2020-03-27
2019-12-25,63,33620,5641,53,19821,23,3267.99,18088.88,2020-04-12
2019-10-18,89,57325,998,59,46651,94,8.17,37192.59,2020-06-24
2019-03-10,21,61465,8631,8,27175,9,9009.33,36757.33,2020-03-04
2019-01-15,77,17492,6250,40,31777,15,4283.94,7893.28,2021-12-19
2019-04-07,72,74940,6266,46,26016,52,2470.14,1285.51,2021-10-31
2019-11-03,60,24715,2390,14,16615,40,3082.21,39314.22,2021-11-04
2019-10-23,57,54099,9057,88,57348,98,8504.43,34861.81,2019-05-21
2019-12-24,96,30451,9881,68,46882,83,1547.67,48236.13,2019-08-11
2019-09-13,35,3138,7986,99,55402,25,4975.42,34800.19,2020-04-08
2019-04-22,7,1992,4604,80,50846,90,4774.44,33260.96,2020-07-04
2019-10-23,66,46810,4939,7,13406,26,6806.14,18121.92,2020-08-05
2019-03-22,3,68351,8908,3,10315,72,1354.02,38926.63,2019-06-13
2019-01-15,66,48883,7477,14,38235,100,6152.48,38852.84,2020-09-19
2019-07-30,55,54483,8881,17,60838,96,6097.02,15175.39,2021-07-16
2019-08-23,84,42897,5834,40,45318,53,9468.58,8247.68,2020-09-23
2019-06-21,56,36791,2746,84,24016,7,5343.86,48180.28,2021-01-28
2019-04-13,5,8154,7741,93,37549,59,4932.62,46940.23,2021-07-31
2019-03-09,38,7206,2312,69,33811,11,4933.51,11774.27,2019-04-09
2019-11-26,62,35358,5661,31,30802,10,66.43,29161.71,2021-09-05
2019-04-22,2,22852,2354,48,42535,12,7306.12,28296.11,2020-10-22
2019-05-28,80,14713,877,52,39001,86,9615.18,25930.09,2021-02-21
2019-12-30,91,10474,9749,59,42550,24,8022.01,32998.77,2019-07-05
2019-11-05,45,22693,8498,9,12332,82,6173.63,36164.28,2019-08-19
2019-08-03,4,45433,7524,2,60668,58,3130.59,23213.55,2020-04-19
2019-06-22,73,45238,4603,28,3326,71,2824.31,15257.23,2019-09-04
2019-03-24,75,41131,3952,91,36109,97,532.9,17028.6,2021-03-21
2019-04-06,65,47899,8634,79,15463,3,6732.68,43168.79,2021-05-19
2019-07-25,32,74623,171,21,12556,56,575.15,21837.01,2019-02-28
2019-04-18,30,17896,8627,72,58615,74,4911.28,18079.06,2021-04-22
2019-11-03,60,63538,9953,94,31773,94,5908.74,49796.07,2020-03-01
2019-03-05,12,33356,7848,86,47580,57,4452.08,5366.19,2021-08-13
2020-01-04,76,34191,9478,21,18929,18,2448.93,29789.24,2021-09-04
2019-05-08,71,33341,1836,11,23624,83,1869.41,13888.01,2020-12-28
2019-12-20,76,60699,2324,70,8621,85,511.28,9413.42,2021-09-15
2019-06-10,57,54947,7832,79,4195,72,9476.02,32847.41,2020-12-05
2019-05-10,69,33493,9842,60,24655,10,5931.08,34994.57,2019-07-22
2019-05-10,15,2824,7955,11,49217,66,9050.02,8213.97,2019-12-30
2019-11-16,50,16904,3888,78,55538,30,9693.96,46694.6,2020-11-17
2019-01-16,47,2029,63,64,56691,45,7972.75,40810.32,2021-02-05
2019-12-23,29,16425,6360,15,14846,10,6128.96,15575.54,2019-02-16
2020-01-01,2,24029,6589,25,63609,31,2473.05,41065.67,2021-03-29
2019-08-23,74,41201,233,95,62079,82,2644.14,711.2,2020-12-11
2019-03-21,42,24694,8917,21,60398,63,6270.98,17278.32,2020-04-30
2019-09-16,62,50624,8088,29,2928,48,8046.97,26550.11,2021-12-29
2019-02-28,95,19956,4139,32,41005,11,3346.82,32390.68,2019-09-28
2019-01-15,13,6465,6639,85,26343,46,9582.37,12741.09,2020-03-25
2019-10-13,91,5454,3315,83,50676,39,9801.23,37627.75,2020-04-09
2019-05-22,7,23231,1683,30,290,62,7953.83,21223.21,2021-01-26
2019-01-28,2,3474,2554,77,21988,29,6328.77,36068.93,2020-03-11
2019-04-06,90,4610,433,33,31452,90,924.59,19330.45,2019-02-21
2019-01-26,1,67330,6299,88,11759,72,1622.94,36514.51,2021-04-05
2019-01-09,68,52812,2031,52,6584,69,2150.12,15938.38,2021-09-17
2019-10-02,16,36608,9284,9,18043,2,8109.68,32392.05,2020-10-29
2019-05-21,62,66920,9828,90,57420,39,983.08,47695.7,2021-12-13
2019-12-23,19,51465,337,69,53389,29,3252.61,27800.89,2020-09-23
2019-07-25,30,32264,4809,40,36232,100,1848.24,24498.75,2021-08-26
2019-05-03,80,25689,3203,39,45469,20,7075.6,18481.93,2021-08-05
2019-10-01,4,43534,1986,60,52231,72,5086.52,38815.41,2020-05-22
2019-07-08,26,70853,613,95,5295,35,1179.36,14169.43,2021-11-04
2019-09-10,33,54707,9402,94,17086,15,7401.03,39951.48,2021-08-17
2019-05-07,56,40839,3990,15,60634,11,4533.34,10515.27,2021-10-08
2019-01-24,75,46843,4693,16,44954,79,4418.85,17965.59,2020-02-21
2019-12-12,49,6375,3788,24,41082,24,7032.39,19097.28,2019-04-06
2019-11-19,26,19998,9782,48,43559,37,1830.62,27214.77,2020-09-07
2019-04-21,75,62697,504,78,1521,58,8017.85,48424.48,2020-12-18
2019-04-07,46,22866,9761,12,56969,37,4221.36,35669.59,2021-12-24
2019-09-28,59,65437,7869,15,688,28,8288.4,49574.22,2021-09-16
2019-02-21,20,22633,6354,1,4979,40,2885.77,11245.49,2020-04-04
2019-06-02,6,12478,3328,23,17383,21,9592.71,32706.78,2020-03-06
2019-03-17,43,25492,9027,55,35585,97,2575.54,5382.59,2020-03-23
2019-09-27,44,30963,1578,89,10992,52,5554.87,12236.42,2019-08-22
2019-02-08,79,37612,119,53,6804,68,5638.65,29371.62,2021-01-19
2019-09-24,12,30704,9366,23,32055,62,5812.52,12437.24,2019-04-30
2019-10-12,83,7282,1784,80,12939,56,590.82,20748.21,2019-06-13
2019-09-11,15,5795,6819,42,24885,4,1083.4,35989.92,2022-01-30
2019-07-21,79,27802,1788,49,55504,10,5787.63,19901.37,2019-04-05
2019-10-22,69,6351,2676,1,42101,11,2033.5,34421.98,2020-03-30
2019-03-12,84,11704,5987,78,37336,31,2753.7,8822.01,2021-10-16
2019-05-30,69,28363,6220,71,16872,100,8236.38,23088.03,2021-05-05
2019-01-29,66,71041,9465,19,25909,43,837.17,48539.18,2021-08-13
2019-03-13,77,8565,618,81,34434,64,1421.74,49849.25,2021-03-23
2019-04-09,59,713,8389,82,17350,80,3150.3,3232.02,2020-04-21
2019-07-09,48,65330,6874,31,57463,71,3922.43,20282.06,2021-11-15
2019-08-10,60,317,7889,24,17351,62,2164.57,19000.81,2021-05-26
2019-02-23,61,9139,4804,12,35498,10,635.15,15227.95,2021-09-20
2019-10-27,43,37689,3087,27,53686,36,4676.09,14398.07,2020-01-20
2019-06-08,52,58801,7214,43,58354,8,5387.4,12245.2,2020-06-05
2019-03-29,35,42563,2932,41,62715,59,2029.2,23982.01,2019-09-09
2019-04-08,26,9820,3775,34,56115,97,9119.67,39543.23,2021-02-18
2019-10-08,40,65470,7003,4,46641,22,7556.78,21315.29,2020-08-04
2019-09-25,8,60127,1990,67,16049,62,2017.37,2193.84,2021-03-03
2019-12-03,65,5310,367,79,14742,12,597.43,10432.88,2022-01-24
2019-09-29,25,41712,4571,67,50787,77,2576.45,7920.97,2021-01-18
2019-06-21,39,31568,5937,28,46984,54,4079.75,40671.21,2020-12-06
2019-05-10,73,19994,8436,29,53863,55,1559.0,8989.01,2021-01-17
2019-05-27,57,59226,2073,47,17465,59,9183.84,2525.25,2021-10-06
2019-08-14,85,51110,9532,26,6616,81,2684.29,31698.95,2021-02-20
2019-08-04,35,63508,8616,16,61591,85,7208.54,33148.99,2021-12-02
2019-12-04,46,53443,9354,10,23429,18,3263.91,46526.63,2019-08-03
2019-05-28,96,15240,9154,22,35454,45,7379.34,36786.43,2020-07-27
2019-11-03,31,16427,1067,92,32504,45,3148.35,12133.31,2020-04-01
2019-04-16,72,21208,356,46,11231,1,1324.42,34254.23,2019-10-30
2019-12-31,90,41610,6168,24,34027,46,9416.3,17065.26,2020-12-19
2019-02-27,54,25555,6614,84,26347,2,2110.33,25490.77,2021-03-02
2019-01-26,89,2206,591,88,53806,42,4287.37,27896.77,2021-06-24
2019-12-09,18,65188,8754,96,13831,39,2070.41,32872.19,2019-02-15
2019-11-02,80,72719,2553,56,24451,98,3184.24,22273.54,2019-11-30
2019-08-20,19,25201,3889,58,47048,50,5369.94,2019.44,2019-09-29
2019-04-07,8,1064,6064,91,23592,56,9821.55,17861.62,2020-11-21
2019-08-19,92,26860,3223,41,32948,46,1118.1,2462.42,2021-05-16
2019-01-26,9,33877,8130,6,37791,69,6685.3,16353.76,2021-03-21
2019-01-21,36,56906,7720,52,47164,67,3674.1,47451.87,2021-08-29
2019-07-27,35,47027,9389,2,59663,42,1509.21,49944.11,2021-06-14
2019-09-04,25,21193,5105,29,39078,22,5976.85,31620.22,2021-09-19
2019-08-03,34,16748,7722,94,2539,37,6418.48,16904.62,2020-07-10
2019-12-10,30,36446,8414,26,23537,84,7230.76,36072.64,2020-01-15
2019-06-13,60,39065,1454,44,51367,74,3838.54,17940.16,2021-07-30
2019-04-27,28,942,5680,31,47623,75,7361.12,34622.86,2020-02-15
2019-09-28,36,74649,1033,37,23085,23,4026.24,43953.38,2020-03-25
2019-07-18,13,18636,3179,20,15955,29,6874.91,43072.09,2020-11-12
2019-04-19,47,53676,7995,66,5739,21,3611.27,38544.35,2020-12-29
2019-07-16,51,12795,564,76,41086,20,456.06,36261.94,2020-05-17
2019-09-15,71,679,3621,57,25248,79,4531.59,28356.32,2021-03-24
2019-10-30,35,41045,3219,77,34868,93,3364.65,16370.92,2019-05-28
2019-12-24,15,16559,4970,38,14763,17,1969.5,31824.22,2020-11-28
2020-01-04,30,516,5843,52,41196,49,1004.74,43480.6,2019-07-19
2019-06-30,33,10057,5492,93,58205,79,6706.46,6737.28,2022-01-01
2019-08-26,35,32277,5868,84,20665,55,2104.38,18476.57,2021-07-14
2019-07-07,93,53650,959,5,26944,77,9452.61,19649.45,2020-09-05
2019-05-07,99,66141,3385,50,5068,5,7683.13,7556.08,2019-12-31
2019-07-03,7,41503,4,61,4034,89,6703.11,20271.69,2021-05-09
2019-03-24,82,23617,998,96,53193,59,5775.8,12772.75,2020-10-08
2019-03-10,50,51750,8734,13,39255,60,6781.33,47210.14,2020-09-29
2019-03-05,57,47204,3123,90,4690,61,3606.72,39430.82,2020-11-01
2019-08-09,52,61754,4371,71,25529,31,1370.19,32116.5,2021-08-10
2019-06-24,88,70476,2572,77,58452,10,5564.25,11240.56,2019-03-21
2019-03-31,22,8157,4735,16,59393,22,9255.89,29895.1,2019-06-02
2019-03-15,14,31891,4573,49,43930,79,5227.19,45273.85,2021-04-20
2019-04-24,32,28316,868,99,50107,30,500.86,41414.01,2021-01-11
2019-09-09,44,12953,8911,11,34832,65,4835.0,39999.0,2021-03-16
2019-05-02,63,74173,8002,30,40136,24,3507.38,3333.92,2020-05-17
2019-10-12,69,54639,2952,79,39892,54,9256.65,33766.54,2019-11-08
2019-12-17,34,39063,2409,62,34173,85,2571.79,46931.35,2020-09-25
2019-09-26,78,1528,9768,26,938,89,9146.8,49512.51,2021-11-14
2019-11-08,2,17809,6156,30,26005,22,3156.56,1817.76,2019-05-29
2019-09-26,61,67448,6182,69,39732,71,5076.27,37621.37,2021-01-05
2019-06-24,56,36730,9097,58,19849,9,7794.31,49579.76,2020-04-14
2019-07-15,69,65173,3142,15,22759,79,211.2,3558.98,2019-11-03
2019-05-21,30,18873,4746,60,6732,10,1045.26,21457.41,2021-09-13
2019-10-26,99,32457,4256,3,11393,76,9641.83,368.47,2020-11-07
2019-08-02,14,38776,1034,47,59306,35,707.45,45194.63,2020-09-04
2019-07-22,29,5414,1396,24,10888,49,5131.76,37313.29,2021-01-03
2019-12-22,54,67470,5836,89,7093,56,4346.61,17367.88,2020-07-08
2019-11-11,29,38663,9220,88,38640,74,3842.93,14339.44,2021-08-31
2019-03-19,57,14808,190,23,54794,52,9895.51,4262.86,2021-11-25
2019-03-05,11,12504,8565,38,1691,38,6440.64,12335.8,2019-11-19
2019-11-03,30,61145,9312,42,35595,21,7810.64,891.57,2019-07-24
2019-03-28,39,72388,8557,68,20498,9,656.2,36362.3,2020-09-09
2019-03-08,86,34627,891,24,22322,90,5701.65,19704.51,2020-10-31
2019-10-08,22,31022,8061,75,56673,68,3717.82,19819.91,2020-04-04
2019-07-02,64,33184,2640,99,20029,87,1880.21,34977.85,2021-12-28
2019-10-06,19,2296,7018,24,20962,29,894.72,45179.15,2021-08-16
2019-09-12,27,34808,4549,66,7176,69,7305.78,13070.4,2020-01-11
2019-10-14,56,15640,9808,40,57790,80,2361.32,48842.05,2022-01-03
2019-09-29,5,31329,559,82,55816,12,5473.22,43682.08,2021-03-07
2019-06-18,81,23353,5986,72,38670,80,5622.83,39633.58,2021-06-25
2019-01-13,45,68864,116,23,28163,59,9662.39,23646.88,2021-03-03
2019-08-18,14,46590,4678,79,53740,81,9624.1,29208.87,2020-10-21
2019-11-04,98,31831,3340,80,11216,52,1828.32,29752.24,2021-03-27
2019-12-15,67,23390,6381,41,31968,25,4992.39,11421.8,2021-05-13
2019-07-02,41,34298,2319,40,38891,64,5784.75,30492.39,2022-01-15
2019-05-15,43,15781,8677,9,33919,44,6753.53,19440.69,2019-09-27
2019-03-14,60,21223,4585,6,28096,96,8894.82,29980.41,2020-02-13
2019-07-23,55,22449,8988,53,51757,16,5627.85,36942.92,2019-03-24
2019-09-23,98,48180,6492,6,63251,2,2329.7,9547.34,2019-04-13
2019-05-22,47,45737,1504,47,19452,19,9580.62,32489.43,2019-03-11
2019-04-23,19,8719,8312,59,8322,1,8410.41,41963.73,2021-12-27
2019-08-19,51,3314,2501,32,25221,38,8980.75,41635.3,2022-01-19
2019-09-01,33,71619,2179,78,492,25,3755.26,42671.01,2021-12-26
2019-04-06,95,6103,6781,79,61251,86,4821.97,14242.74,2019-08-28
2019-10-07,78,74351,1894,29,55213,62,4898.14,2400.24,2019-07-09
2019-12-03,22,5789,8484,29,22725,48,6693.18,27808.72,2020-09-28
2019-02-13,6,19284,870,40,17656,35,612.83,34775.89,2020-04-29
2019-07-31,75,56787,3601,47,45781,99,8473.64,38050.95,2020-09-30
2019-03-20,26,4285,5395,39,14479,68,4817.71,29567.66,2022-01-19
2019-05-15,85,46058,7762,67,20229,87,6407.63,28293.34,2020-03-13
2019-06-03,1,3524,3572,61,48483,43,1397.99,46900.07,2021-08-02
2019-12-04,3,8700,8513,85,31612,76,3279.43,48992.17,2021-10-14
2019-05-20,39,43974,7868,25,60738,83,4568.1,46056.68,2020-05-13
2019-05-05,51,42251,6913,80,7419,78,8419.52,25737.1,2020-07-05
2019-06-12,19,73021,9890,54,20736,73,1435.8,25115.11,2021-06-19
2019-10-02,42,45137,4000,44,37123,51,8702.71,23018.8,2019-09-28
2019-02-27,8,30567,6866,52,51588,59,8049.01,38699.51,2019-04-30
2019-03-18,55,18653,1082,29,28143,8,9681.36,34851.02,2021-09-20
2019-11-30,3,73770,3869,24,23293,13,1100.26,19453.91,2019-07-10
2019-08-12,90,1166,1036,59,14442,48,7670.73,47298.62,2019-04-24
2019-05-21,6,63828,815,10,50514,52,6881.16,12061.26,2021-02-06
2019-07-13,95,19786,9506,2,44045,88,5618.91,40506.13,2021-05-03
2019-10-27,50,60716,8934,55,233,43,2025.05,33048.55,2021-04-29
2019-11-25,88,31382,352,35,8397,4,3493.17,887.68,2020-09-10
2019-05-29,21,32488,334,85,53751,57,3635.88,22272.9,2021-06-14
2019-07-29,96,68865,187,30,30512,60,2581.75,43242.56,2021-11-28
2019-03-28,41,24207,9801,61,40979,4,5906.88,5423.67,2021-09-21
2019-09-20,28,69743,3124,93,2699,28,3238.48,19195.64,2021-12-30
2019-04-06,22,27046,1379,38,6286,18,6346.34,28216.38,2019-09-29
2019-12-07,37,50898,1842,32,16668,72,853.05,8911.75,2020-04-04
2019-06-02,74,168,1443,90,515,89,7037.67,15895.12,2021-01-17
2019-06-18,92,38945,8382,87,44083,83,3722.75,47047.49,2019-08-07
2019-04-16,51,8124,5354,38,235,85,418.73,15329.68,2019-11-07
2019-08-24,43,25948,4895,2,24950,24,1038.48,29313.22,2020-08-15
2019-11-02,49,63040,6437,33,34360,18,2921.83,20771.91,2020-12-30
2019-11-05,91,51776,3283,13,53761,66,9149.26,48061.51,2021-12-30
2019-03-31,45,40938,1501,49,49386,43,1274.3,42736.33,2021-04-26
2019-01-24,17,403,3931,63,28579,71,4940.61,20197.92,2019-07-18
2019-03-24,9,48865,8422,73,44953,59,4264.46,5174.62,2019-11-07
2019-10-22,2,4087,2835,23,22895,50,4979.72,19805.52,2019-06-18
2019-04-24,52,2566,3640,89,46200,24,9999.9,20839.87,2020-08-25
2019-09-13,33,64520,2218,3,36865,82,5067.59,26224.72,2020-01-13
2019-08-22,62,24685,8315,23,59421,100,2575.41,38576.88,2021-06-14
2019-02-04,28,48998,8589,83,53164,26,8818.55,1480.4,2020-11-04
2019-12-21,91,67273,5881,48,1688,74,5516.31,31691.3,2021-10-27
2019-11-25,4,45058,7945,25,49949,36,5508.17,23434.72,2020-12-12
2019-06-26,36,3274,1776,64,61127,24,2227.85,26246.05,2019-04-30
2019-03-26,71,42284,5450,52,22598,98,8527.66,8968.6,2020-02-24
2019-03-26,4,61075,6868,60,4937,2,4382.37,19296.45,2020-10-02
2019-04-17,54,39929,7577,34,44480,84,5773.61,45525.81,2021-01-02
2019-09-25,22,71346,7566,69,42356,86,3829.25,15081.63,2020-01-19
2019-09-02,53,19406,887,56,40688,99,2093.47,1896.21,2020-04-17
2019-10-07,86,14987,5273,9,10846,87,6384.37,13048.14,2019-09-30
2019-10-01,67,2290,2803,4,14666,39,6960.3,40025.42,2019-11-19
2019-12-24,66,58239,8812,40,12273,86,2111.57,43081.35,2021-09-28
2019-05-29,82,73476,7580,56,55932,50,9099.27,37682.94,2020-03-05
2019-07-05,37,60131,9992,38,35111,90,9095.44,32585.68,2020-02-28
2019-01-30,79,29044,8992,16,9899,19,4357.92,17227.35,2022-01-31
2019-12-05,87,2084,573,19,35692,38,6236.01,40086.84,2019-08-21
2019-07-02,62,14578,6488,92,722,30,307.86,28879.47,2019-04-06
2019-11-16,27,59503,9026,71,60151,40,5282.71,32643.23,2020-05-06
2019-03-05,99,62425,9692,93,53581,13,8153.67,23115.02,2020-02-14
2019-02-26,23,16150,5216,59,23126,2,1831.62,9665.03,2019-12-31
2019-02-04,91,8193,1907,87,13793,67,7736.71,10116.1,2021-03-31
2019-06-09,73,17822,4446,68,561,32,8353.16,21381.09,2021-11-01
2019-05-19,85,43927,1164,5,39663,8,1734.45,7147.09,2019-05-13
2019-01-29,37,4906,6647,48,35454,4,8279.4,34699.19,2020-03-13
2019-05-03,83,51314,5868,74,9396,83,4455.03,1421.64,2021-08-18
2019-02-24,93,14060,615,71,33290,50,5475.83,369.02,2020-11-15
2019-05-09,17,38754,7807,41,36950,63,3370.39,25241.67,2021-11-27
2019-07-10,96,7118,8304,64,15736,37,2074.21,15547.24,2019-09-08
2019-04-17,68,69620,3703,12,3880,82,7219.42,21806.31,2022-01-04
2019-06-02,80,13648,3602,25,63380,11,8432.43,41824.3,2019-11-30
2019-10-21,6,30003,7333,48,22812,53,633.84,26798.22,2021-10-21
2019-03-25,6,54951,761,57,42477,76,195.94,45851.38,2021-12-05
2019-04-24,38,22815,9017,95,28110,22,8459.19,26467.4,2021-01-29
2019-10-21,62,61945,9172,88,290,79,6543.14,12051.02,2021-11-24
2019-05-14,66,11528,3400,100,46659,87,5797.61,19457.49,2021-01-31
2019-06-01,1,32505,65,86,17540,72,4419.71,5450.58,2021-09-21
2019-02-21,51,60579,8051,87,855,96,2505.35,25010.94,2020-07-18
2019-12-20,75,5516,9426,40,51891,26,9121.24,12396.79,2019-10-08
2019-10-29,56,29303,6185,64,25121,97,741.69,41466.43,2021-10-14
2019-11-14,12,44769,1300,93,3088,98,8539.96,2278.86,2021-09-10
2019-11-23,32,66652,204,10,38525,12,3550.91,27802.53,2021-11-02
2019-10-19,5,50220,4392,96,1446,76,2156.71,19580.75,2019-12-03
2019-12-28,45,63259,5678,90,18593,40,6695.5,48713.42,2019-02-16
2019-05-25,2,5225,863,55,52215,91,9687.18,1396.48,2021-08-30
2019-09-12,42,49622,7263,31,11392,38,5220.61,15199.93,2021-10-30
2019-03-07,57,36459,4491,30,28592,1,2856.33,27691.23,2019-04-17
2019-08-03,34,17032,5375,11,49067,59,8618.34,42782.85,2019-02-24
2019-08-25,15,35285,5854,10,6958,34,8795.7,18930.53,2019-12-16
2019-09-08,81,68261,3183,58,18312,55,2024.0,33733.71,2022-01-02
2019-08-23,85,2993,6290,78,37053,96,6375.95,27563.24,2019-11-24
2019-06-14,31,44256,8072,50,1378,56,9105.61,30080.15,2022-01-09
2019-01-27,88,50141,9165,59,26442,27,525.47,21332.77,2019-05-03
2019-07-07,58,71526,5117,53,43723,42,5719.37,34745.13,2021-07-31
2019-12-26,22,33972,7446,55,59298,11,7522.28,39499.51,2019-08-07
2019-10-30,23,10797,283,64,28416,14,3628.11,34838.48,2020-12-12
2019-10-06,35,40821,481,94,9512,79,200.63,25747.23,2020-03-08
2019-07-11,65,13095,2854,75,37426,3,6666.25,3525.15,2020-09-22
2019-10-05,87,65614,2606,18,12989,82,2018.75,21856.6,2019-03-21
2019-08-29,76,3552,8955,57,38198,6,1244.79,10320.46,2019-06-16
2019-03-30,78,64945,842,18,45961,26,2451.87,49089.01,2020-08-14
2019-07-05,75,24395,6505,8,36629,70,1395.13,44303.72,2021-11-15
2019-06-15,9,38739,1365,79,9296,37,9789.1,26769.41,2020-01-21
2019-02-13,10,8868,7351,87,27297,7,9026.79,35823.76,2020-12-25
2019-07-13,87,28015,7737,87,33514,47,7124.68,10760.18,2020-08-17
2019-08-24,73,14572,3722,74,41201,63,7360.37,39118.42,2021-06-24
2019-10-23,66,55425,8169,77,50921,62,6593.67,25848.57,2019-09-21
2019-02-26,45,46659,7521,39,8747,44,4694.68,26015.84,2019-03-01
2019-10-20,27,71577,868,75,777,100,5147.74,36779.59,2020-05-14
2019-08-13,97,40846,9948,23,25329,84,4368.89,21991.75,2021-01-04
2019-07-14,96,17747,5688,64,36595,43,4774.06,13633.31,2021-06-17
2019-09-07,94,44593,8797,86,62080,76,8673.35,5932.98,2020-06-07
2019-09-14,8,4016,9280,18,37599,59,9803.32,29342.43,2021-04-29
2019-06-14,56,1335,1053,93,14755,80,9542.3,33054.76,2021-07-18
2020-01-07,80,16951,7973,7,8269,57,8632.71,2414.2,2020-09-22
2019-11-13,97,26919,6834,27,57846,66,6754.82,48878.18,2021-11-21
2019-03-21,8,67197,7947,21,27044,90,2116.3,20862.8,2021-05-26
2019-07-27,9,69785,7692,71,62687,4,9875.02,46359.74,2019-06-30
2019-06-10,18,37602,822,56,37794,86,9026.07,15480.24,2021-05-18
2019-04-07,45,74079,5728,98,61923,54,9086.07,351.87,2020-06-24
2020-01-06,65,35790,7923,23,41626,79,4966.31,20382.41,2020-07-25
2019-03-31,71,37077,3459,44,7215,55,4208.86,31758.86,2021-10-12
2019-09-28,83,49524,6067,22,50194,69,5148.07,1509.05,2021-01-16
2019-01-22,79,28857,7409,85,11121,57,2215.09,36936.38,2020-11-16
2019-06-23,42,951,7748,66,38116,46,7762.55,40052.18,2020-07-23
2019-04-07,11,72116,6485,63,61238,31,4717.2,44497.27,2020-03-08
2019-10-10,88,22092,9817,44,45949,89,7096.4,36991.67,2019-06-12
2019-11-25,23,28213,3011,35,3811,32,6776.73,17682.08,2019-07-31
2019-12-05,55,49571,5610,45,11406,8,2043.43,45379.27,2019-05-30
2019-06-02,1,576,9360,44,58777,14,466.9,44633.97,2020-09-14
2019-12-08,43,26756,6356,25,2952,19,3573.28,30738.91,2019-03-03
2019-06-17,94,60196,9015,71,16667,94,2701.58,49437.16,2021-10-08
2019-05-07,84,72926,9057,60,11286,73,3286.68,35123.37,2021-03-12
2019-03-26,31,40494,965,12,50113,63,915.75,30370.49,2020-03-19
2019-03-24,17,11271,60,62,16126,94,3136.25,45674.09,2019-06-28
2019-05-06,36,34382,7557,74,3894,11,7102.95,12003.16,2019-05-20
2019-04-21,3,3059,7932,66,23543,18,4042.2,45546.17,2021-09-26
2019-04-19,80,42259,8682,78,4903,60,1237.12,2526.83,2020-10-18
2019-12-26,14,71013,9925,48,60179,95,4655.73,7764.31,2021-07-03
2019-11-05,75,16519,773,68,44038,10,6453.65,9268.01,2021-05-15
2019-09-10,33,33083,5922,36,51764,44,3432.09,45932.61,2021-02-17
2019-03-11,96,71816,6095,65,14745,68,4562.14,32134.67,2020-10-03
2019-04-14,37,31839,7886,63,18515,78,1627.07,7822.76,2020-12-11
2019-02-18,26,3915,2638,71,31,77,643.48,4741.62,2020-02-08
2019-06-13,48,27140,6221,92,34429,68,8661.99,13820.52,2022-01-02
2019-04-18,19,63764,9769,4,38706,44,2688.96,45830.81,2019-05-21
2019-12-08,32,44260,7431,66,7445,34,3738.92,40836.47,2019-12-30
2019-03-14,74,48605,3065,58,9905,93,3989.74,6628.14,2020-02-07
2019-07-15,97,38849,9400,41,1051,100,4221.31,6966.75,2021-09-05
2019-06-20,79,31142,6124,74,20167,78,7307.17,41080.24,2021-07-10
2019-05-09,59,36936,5811,15,5534,52,6045.66,33080.74,2019-02-09
2019-05-27,42,2138,4550,54,52625,86,8061.47,18164.62,2020-11-18
2019-12-06,21,72951,1248,62,2205,20,7641.8,38008.69,2019-02-11
2019-11-22,30,14386,5720,87,60954,83,7632.93,35982.99,2019-04-26
2019-10-13,28,53585,6116,13,60882,42,8783.28,12661.92,2019-04-15
2019-03-03,72,3686,5649,62,60521,2,6283.98,16698.34,2020-12-02
2019-03-16,53,37468,8440,98,35541,50,2471.5,274.29,2021-03-14
2019-01-10,14,30849,5172,61,8174,92,683.87,23302.95,2021-10-20
2019-05-22,39,28919,7955,58,41459,97,745.5,45241.71,2020-05-05
2019-08-18,26,3384,9092,32,41278,9,9006.06,6860.79,2022-01-23
2019-02-07,66,60946,9709,49,10359,99,8315.24,17511.95,2019-06-02
2019-03-13,55,22050,1821,86,41212,87,9371.16,4697.16,2019-07-04
2019-11-13,13,33026,9367,33,22583,16,2162.06,8057.67,2021-02-24
2019-12-07,94,46985,1941,31,16067,66,348.66,16779.88,2019-09-07
2019-12-13,98,15913,8114,70,34709,49,2870.92,720.55,2021-08-18
2019-02-12,86,10265,6238,51,62573,26,4016.91,38493.07,2020-07-12
2019-11-19,7,71410,9164,42,55249,63,1109.26,15457.9,2019-08-16
2019-02-05,99,45095,843,43,29613,49,142.04,30334.52,2019-07-23
2019-07-05,94,48358,5509,59,29131,64,2145.5,2888.2,2019-07-09
2019-04-24,79,2988,137,55,37072,4,654.45,33125.78,2021-07-08
2019-01-25,76,73621,8594,18,54520,66,6737.34,46282.35,2020-03-27
2019-07-30,97,28457,9507,51,62183,1,7704.21,17056.63,2021-06-19
2019-04-04,71,20015,9291,47,62542,28,1764.41,41310.55,2020-03-18
2019-11-23,96,63588,7100,57,13826,92,9936.46,5408.47,2020-07-19
2019-06-27,44,32810,6226,46,20058,10,1115.94,19838.72,2021-05-23
2019-04-12,18,73702,3248,95,12987,34,3644.57,26142.98,2019-11-04
2019-09-16,3,4565,785,29,53102,46,1109.18,7109.14,2021-03-03
2019-06-05,100,64316,185,95,32078,33,8009.93,27638.98,2019-04-22
2019-06-26,22,46461,4260,26,23532,83,5926.41,28059.08,2020-11-25
2019-02-19,19,44449,2525,25,11532,3,4081.92,22469.27,2021-07-04
2019-06-10,4,71342,3829,83,62842,19,1405.01,19706.71,2019-04-27
2019-03-01,44,44947,6230,44,12930,94,8574.42,26673.19,2020-11-03
2019-12-11,71,37044,7443,36,59029,1,7999.19,20738.72,2020-01-13
2019-06-24,58,68082,3754,93,7173,11,335.29,11373.27,2021-06-23
2019-04-23,58,57679,3643,62,43949,88,2203.59,11775.29,2021-11-05
2019-02-07,47,46108,9787,50,19501,60,32.43,20661.63,2021-05-06
2019-01-13,62,3701,5838,83,11945,37,3201.09,38093.44,2019-05-05
2019-06-30,5,431,5857,66,11753,14,9611.96,6985.32,2021-03-22
2019-07-30,23,19673,1486,1,58289,28,2970.61,3063.74,2020-11-24
2019-09-08,14,33772,8617,62,49766,30,1146.93,22782.98,2020-05-12
2019-07-08,77,55529,6321,53,54462,29,4768.47,44507.52,2020-01-07
2019-02-04,68,18128,326,31,13563,67,4360.74,12533.57,2020-04-26
2019-07-10,81,56265,7112,19,62310,25,8213.46,17626.85,2020-12-08
2019-07-28,66,48423,8406,16,6114,70,8707.81,12686.97,2021-02-07
2019-05-29,33,5580,6697,92,32359,97,2121.77,10523.88,2019-06-27
2019-02-27,50,67305,8516,57,16906,66,8852.41,615.06,2021-07-27
2019-02-10,6,10989,4625,67,39918,18,8468.09,26078.77,2020-07-27
2019-05-19,45,62081,6645,5,18814,85,7454.27,31014.11,2021-01-25
2019-02-28,19,40780,109,86,54168,38,3291.11,26964.99,2021-01-27
2019-07-03,70,45267,567,66,23539,64,1514.85,47203.92,2019-08-15
2019-07-14,90,53089,8629,7,33295,84,8378.91,28486.23,2020-03-25
2019-07-04,21,15659,1966,10,47391,53,9224.68,33881.63,2019-12-27
2019-01-23,22,38389,8759,27,51724,53,1733.03,10606.5,2019-11-03
2019-11-18,41,73444,8386,12,63519,52,3464.05,22148.0,2019-08-20
2020-01-05,44,51228,1195,4,5844,73,2709.84,965.29,2019-05-04
2019-02-10,85,14877,2459,15,15083,59,3980.09,11648.62,2021-05-19
2019-12-10,96,72749,753,85,57553,4,6699.52,17807.02,2019-02-19
2019-09-02,91,64422,8800,5,21321,54,6507.0,23015.63,2019-07-01
2019-08-12,29,4465,1818,40,37146,65,2764.99,12671.0,2021-04-14
2019-11-26,11,50712,4259,56,55751,91,5354.92,9488.88,2020-01-11
2019-06-24,23,9598,341,43,22620,68,1425.31,2041.0,2020-08-17
2019-12-15,79,40643,2977,78,26401,33,6930.25,42110.99,2021-12-10
2019-01-13,5,50089,9535,61,34923,4,1268.13,20460.07,2019-06-25
2019-08-12,39,6727,3405,77,64039,82,4109.31,10888.77,2021-01-06
2019-03-29,6,51930,667,98,21536,90,7420.72,41789.84,2019-02-26
2019-09-26,47,70587,6455,1,37537,70,2161.34,25428.24,2019-07-30
2019-12-06,7,36977,7531,47,34832,32,6283.46,16118.11,2021-05-15
2019-09-12,50,32776,1249,87,6604,15,1710.38,613.69,2019-07-08
2019-11-25,91,52673,6527,16,25611,30,764.14,11094.84,2020-11-28
2019-05-11,15,879,3169,81,41534,89,5943.01,7107.37,2020-07-09
2020-01-07,64,71736,1928,4,10987,46,7491.24,33359.63,2021-05-25
2019-08-14,72,68462,1397,17,50279,33,5198.31,17198.73,2020-07-04
2019-07-15,38,53948,9943,18,44009,64,2804.22,24918.89,2020-10-22
2019-10-22,21,48524,7741,79,25377,98,1605.75,392.77,2020-08-04
2019-02-22,7,68915,7677,19,47822,56,6164.36,18775.76,2021-06-11
2019-08-31,90,70517,1844,80,41692,27,758.15,38854.18,2021-07-24
2019-07-02,42,62891,1994,22,25165,43,2618.25,4109.29,2020-01-08
2019-09-20,22,13403,3627,58,25458,35,2310.77,912.27,2019-02-15
2019-03-17,4,48555,2313,84,38107,70,7487.15,36677.76,2021-05-16
2019-09-04,60,36199,6484,80,573,58,8279.71,13603.27,2020-05-20
2020-01-02,69,47169,1524,5,42997,58,4792.26,34440.14,2019-09-01
2019-06-26,63,60617,4381,99,277,72,2351.73,47825.96,2021-07-15
2019-12-03,76,22462,3895,59,1596,86,5013.81,18296.55,2020-08-01
2019-04-17,55,71192,454,27,61613,16,7718.58,49070.38,2019-05-10
2019-09-19,10,49229,7720,34,13683,14,4471.42,38300.82,2022-01-11
2019-12-05,1,14646,1455,38,52483,66,4344.61,4280.56,2021-04-10
2019-05-25,56,14260,1777,52,41639,48,1302.82,6215.74,2021-02-04
2019-08-10,90,24054,8562,62,20103,23,8190.15,35482.05,2019-08-21
2019-12-30,54,33701,6746,49,16697,78,7002.07,21613.47,2020-11-02
2019-10-27,51,66213,2783,69,50075,70,3336.73,9657.83,2021-06-05
2019-03-18,75,67040,4916,59,25093,68,1312.08,13807.26,2019-05-06
2019-11-03,80,67375,7459,14,20208,60,6365.14,40266.04,2020-09-24
2019-01-22,48,48837,6860,12,39099,52,1981.36,39655.28,2021-06-18
2019-06-11,19,54998,2925,98,63317,99,3569.5,31194.4,2021-12-13
2019-05-07,37,15525,9642,82,7295,49,8197.3,31438.27,2020-12-14
2019-07-02,41,25278,4591,16,30545,15,9933.66,30914.86,2020-08-15
2019-01-17,12,72265,8040,30,11502,69,7771.35,20952.07,2019-09-22
2019-10-27,72,31830,5414,53,31134,61,9234.87,35836.1,2020-11-06
2019-10-21,28,1515,8802,26,37926,45,143.9,18025.71,2019-05-28
2019-07-09,52,70149,5574,34,27562,76,6579.61,20987.66,2020-10-01
2019-11-24,14,62091,1376,48,57085,29,761.07,43072.43,2021-08-22
2019-07-08,22,10703,3766,37,22864,3,7458.29,40396.15,2019-07-14
2019-04-11,14,50711,8323,30,2552,63,641.35,43230.23,2020-05-07
2019-09-07,94,307,829,58,6081,77,176.57,38729.97,2020-07-12
2019-10-06,6,44831,2434,15,498,63,43.44,41767.03,2019-08-19
2019-08-30,27,58884,481,53,25875,18,3749.36,28998.22,2019-12-05
2019-07-07,78,6860,8817,10,14557,23,5331.19,24916.34,2019-02-24
2019-01-21,18,67080,6474,41,52480,8,1018.87,20320.82,2019-07-20
2019-11-02,39,14187,1921,74,33581,61,3544.03,45612.29,2020-05-02
2020-01-03,25,45428,2645,74,7288,56,4855.42,36612.8,2019-09-11
2019-09-28,5,64330,6329,25,48911,81,669.04,48208.44,2020-04-13
2019-03-07,41,9628,7991,29,63537,49,9397.63,29916.7,2019-12-01
2019-06-08,87,66140,6747,72,7521,77,2206.19,49132.42,2020-03-22
2019-06-23,95,71561,7838,64,47206,19,3659.67,5265.63,2021-10-17
2019-07-28,100,9414,9166,41,26526,76,9930.39,42139.69,2020-10-11
2019-02-08,5,13430,8002,66,63242,85,5221.99,14193.07,2020-04-03
2019-06-06,91,46771,2949,10,36339,3,1419.71,29251.56,2019-07-28
2019-04-13,58,48707,9778,6,1540,10,8351.09,11410.73,2019-10-08
2019-01-19,76,2814,646,27,3202,12,757.13,32838.12,2020-01-22
2019-11-05,19,39101,411,33,28971,98,3839.19,13970.59,2019-05-03
2019-06-07,35,71359,6736,31,46745,62,9926.7,2654.68,2019-03-04
2019-03-09,71,56228,9888,68,57956,42,4559.24,33521.91,2021-08-10
2019-11-01,8,64025,7713,9,61940,7,2262.24,14620.26,2019-11-06
2019-01-12,25,33696,713,40,5570,87,9155.97,45144.05,2021-12-12
2019-11-06,58,70076,8964,7,46371,9,5738.81,43797.32,2021-03-07
2019-05-07,71,49749,1675,46,55484,70,9634.72,20648.83,2020-08-14
2019-02-18,75,64273,2532,19,5445,7,127.46,3480.16,2020-12-05
2019-11-12,55,65295,853,46,52660,47,6162.62,1560.17,2020-08-21
2019-07-06,37,35159,3320,96,62862,80,249.57,14179.92,2021-04-02
2019-05-18,57,21449,3454,35,31559,93,4407.63,7449.29,2021-04-13
2019-03-25,67,35853,2801,64,48920,79,975.67,8710.28,2021-09-06
2019-08-23,58,38390,8469,99,1069,69,3275.81,4839.85,2021-11-18
2019-02-18,12,59384,7178,94,23181,20,3364.46,32720.99,2019-12-03
2019-06-17,63,25191,1800,46,17446,8,4031.22,15237.68,2020-05-06
2019-10-26,94,45270,7458,85,58302,50,6246.36,6814.41,2021-08-06
2019-07-05,69,17595,4388,29,31516,44,605.85,33415.72,2021-07-11
2019-07-15,64,69462,8856,82,5875,23,2592.81,25020.72,2019-12-11
2019-11-13,54,58046,5177,63,22498,37,3574.89,21118.02,2021-09-20
2019-10-22,87,55794,8723,4,45153,94,6461.15,31494.81,2019-07-04
2019-11-17,9,43471,4715,39,16970,30,4495.52,7172.45,2021-05-26
2019-12-12,25,34410,3761,85,59961,46,6159.9,4771.05,2021-01-29
2019-05-01,80,31731,2787,80,51162,94,7726.76,32960.14,2021-11-21
2019-03-27,13,67009,5979,36,13311,26,8661.56,19449.08,2020-07-17
2019-09-02,63,59770,3079,67,39386,34,3442.62,19474.45,2019-12-18
2019-10-28,33,37408,3855,73,50930,50,2890.2,3625.36,2021-07-07
2019-03-04,17,51335,7799,15,37151,10,6484.95,31234.3,2021-06-16
2019-08-20,25,65945,7561,60,62904,63,8680.47,29611.66,2021-07-03
2019-02-22,34,66884,891,81,47734,9,6999.3,11459.41,2020-03-20
2019-07-10,60,56077,8977,41,57670,57,2444.66,18384.61,2021-10-07
2019-03-26,28,27627,5005,10,15390,63,4799.45,34076.0,2020-07-24
2019-06-07,28,23104,7152,2,48279,13,1986.21,2219.62,2019-12-31
2019-10-05,24,6074,7311,36,58382,59,3576.77,27694.39,2020-09-21
2019-04-11,76,15466,7536,59,1450,61,4850.95,39371.31,2020-03-22
2019-10-27,27,17902,5744,59,63036,75,8629.02,20014.73,2020-08-20
2019-11-11,44,34082,7095,15,1970,80,4555.74,7625.11,2020-01-20
2019-10-23,100,26561,2841,22,7842,92,5833.69,11213.68,2019-07-24
2019-09-17,81,8415,7165,64,26851,52,6615.97,14605.24,2022-01-20
2019-01-27,47,2840,1028,56,62654,67,4098.27,22627.05,2019-05-16
2019-04-18,99,45362,2650,81,28561,39,2607.92,29627.87,2019-03-18
2019-07-14,91,70681,2661,24,5374,71,4648.48,18321.98,2020-12-21
2019-09-21,31,73012,684,37,51279,57,9099.82,21366.53,2021-12-01
2019-07-09,29,12439,3709,64,37856,16,8225.6,28948.28,2020-04-19
2019-10-18,36,20147,5834,70,41596,36,3546.21,32507.0,2021-09-05
2019-08-25,80,22086,5256,46,23322,52,7576.81,22701.48,2021-06-12
2019-07-29,76,35697,22,59,22308,57,5712.66,27048.16,2020-01-07
2019-04-22,69,65457,8004,31,17996,30,9698.94,38943.97,2019-11-22
2019-07-13,56,30213,9069,97,12831,91,1137.82,45031.44,2019-11-26
2019-02-25,40,68856,5876,23,146,20,578.12,34056.29,2020-02-06
2019-05-04,48,46048,2139,69,41510,57,1945.57,31992.9,2019-06-21
2019-02-27,86,58579,9718,17,22908,30,4997.51,38611.29,2019-03-12
2019-04-25,68,73375,7070,16,25029,79,4982.26,28968.64,2020-12-31
2019-04-28,94,5909,9237,75,62685,89,8302.79,41559.36,2021-02-14
2019-02-23,69,8157,7222,20,3209,17,9084.99,23481.26,2020-11-25
2019-07-15,56,56746,8592,65,37053,44,3808.75,28029.34,2022-01-27
2019-08-15,81,36405,754,87,4047,70,9414.02,21448.39,2021-06-22
2019-10-29,90,6796,9249,88,24765,94,7009.33,5378.54,2020-07-06
2019-09-07,62,28525,839,66,54981,62,2932.54,24104.27,2021-09-05
2019-06-07,41,43036,3112,94,37382,45,3230.63,48949.44,2021-01-29
2019-07-01,96,17249,5061,89,32743,89,1093.47,17257.5,2019-05-01
2019-11-21,40,15859,941,87,10566,46,3361.99,24111.47,2021-06-04
2019-09-29,84,58769,7370,84,32517,92,4344.67,43301.47,2020-07-27
2019-04-04,11,44759,8428,73,58142,5,2706.14,40522.87,2021-02-15
2019-07-24,78,22067,2485,99,25819,86,4206.36,31735.48,2019-11-30
2019-04-05,81,37649,9609,61,48715,7,4493.67,12915.89,2020-08-12
2019-05-16,17,10780,2010,34,32271,6,5563.13,6057.64,2019-02-21
2019-10-07,42,26311,8819,61,21958,91,9929.45,7086.2,2020-10-06
2019-03-23,51,21622,117,76,7478,8,5664.08,44762.68,2021-08-09
2019-03-10,16,60406,2181,91,1432,81,2385.67,8950.84,2021-03-27
2019-03-14,43,66604,4575,21,39119,96,1597.13,23915.67,2019-04-03
2019-02-28,54,10641,2509,85,31911,59,7719.38,21590.01,2020-02-20
2019-01-14,42,33958,9426,86,33888,23,8855.5,12260.29,2019-03-02
2019-04-21,89,45479,8820,75,55412,54,4828.15,28704.61,2021-11-25
2019-06-01,56,21466,4547,26,47533,57,741.87,23893.87,2019-10-12
2019-08-23,83,15631,3821,25,15453,28,9329.92,25889.98,2021-07-21
2019-10-05,8,1465,8582,63,12217,69,1193.68,14000.65,2019-03-01
2019-09-30,56,12836,9877,59,21595,39,3416.68,19738.19,2020-09-29
2019-07-06,9,67544,3211,62,35272,38,8435.85,46166.16,2020-06-14
2019-03-15,71,24335,1470,37,44378,95,1864.14,14081.3,2020-10-02
2019-01-15,82,8937,7083,73,51988,84,3790.99,36430.33,2020-06-23
2019-11-08,95,18887,9339,72,26674,100,4492.27,42571.12,2020-01-05
2019-09-04,77,57654,6214,67,48281,80,5934.08,35319.15,2021-07-18
2019-06-19,32,64695,2016,43,22722,10,1517.65,39141.5,2021-08-08
2019-11-19,65,35279,874,67,28435,94,3451.17,48890.37,2021-10-01
2019-03-22,25,807,5121,63,24534,11,2222.37,31525.64,2019-02-18
2019-07-04,20,22890,2791,90,46339,22,6829.68,13143.65,2021-08-29
2019-04-09,94,10098,87,77,40344,92,8717.86,3023.82,2021-10-05
2019-03-20,4,14070,849,80,10954,9,8473.66,5180.46,2021-06-07
2019-04-07,86,684,9749,82,5434,43,3753.95,15022.01,2021-06-17
2019-04-02,45,47391,9490,42,3753,63,2888.53,3759.37,2019-05-27
2019-07-27,18,65157,8866,25,8713,79,8072.14,44101.33,2021-01-22
2019-03-18,7,71756,2455,64,11039,12,3937.52,11180.54,2021-09-23
2019-05-24,1,45772,6616,84,8150,69,2028.41,17656.15,2019-12-17
2019-05-18,30,7694,4383,75,15364,3,7578.93,28602.95,2021-03-27
2019-10-08,31,68857,4981,13,1469,33,4834.27,28229.72,2019-02-09
2019-04-06,37,32620,8145,68,27737,64,1087.8,32139.85,2020-01-23
2019-07-26,79,59625,7253,65,25500,84,905.17,7984.98,2020-04-30
2019-09-18,71,21737,4938,24,60834,91,7666.51,44396.52,2019-08-25
2019-02-27,57,67876,2832,1,60469,48,4130.57,28448.34,2021-07-17
2019-01-24,93,63756,6369,89,53849,18,3816.61,39631.2,2020-08-23
2019-09-02,3,52586,8093,72,10719,93,1210.78,24798.04,2019-08-23
2019-04-19,92,11745,4992,75,47706,88,5733.23,14553.71,2021-04-27
2019-09-23,79,73832,8992,62,20249,13,2763.71,28968.19,2021-05-08
2019-02-01,83,66,4116,37,175,40,6277.3,8409.37,2021-09-14
2019-04-17,7,65149,9153,69,49414,76,6903.75,9095.99,2019-10-17
2019-01-29,23,60603,4355,49,56403,90,3924.07,27879.63,2021-08-09
2019-07-29,10,18298,8794,100,58558,41,8034.65,37703.2,2020-11-04
2019-03-06,91,26352,7625,71,23071,58,557.35,36573.79,2020-08-20
2019-05-28,98,54838,8424,37,26837,7,4641.15,1254.91,2021-11-10
2019-01-14,17,14701,3833,9,52837,84,1480.47,49516.64,2020-01-22
2019-03-03,20,60837,927,83,60992,52,1449.26,26583.39,2019-12-05
2019-09-10,66,67818,9475,55,38386,59,8178.33,24479.37,2021-08-31
2019-07-09,37,26724,8992,72,3343,44,1017.53,35209.14,2019-05-15
2019-12-18,37,48119,3392,80,11406,1,4097.56,4063.36,2020-08-06
2019-07-20,77,9088,2709,22,57384,93,6517.47,5852.29,2020-09-12
2019-12-25,39,52302,7926,44,40230,39,8255.59,32325.24,2020-09-29
2019-06-14,87,29237,7224,62,49307,6,4547.65,14141.91,2020-11-02
2019-02-09,14,45162,4512,5,46202,57,8493.53,44916.34,2021-08-02
2019-03-13,4,25953,8088,38,52158,40,8903.75,21487.39,2021-08-13
2019-02-14,39,42987,1966,9,37155,31,9887.13,16459.26,2021-01-06
2019-10-20,72,71513,1557,93,2624,39,8198.21,734.84,2019-07-07
2019-06-17,76,32921,1067,62,40008,51,1548.54,17264.76,2020-01-22
2019-10-31,73,59327,2469,87,10444,10,463.92,34374.86,2021-02-13
2019-11-02,57,32738,3334,81,59420,96,5899.62,31117.91,2020-01-01
2019-03-01,86,26079,6940,62,43623,11,5199.52,48147.59,2019-05-13
2019-12-08,61,18842,5770,93,30307,2,7462.68,22245.51,2021-09-17
2019-05-21,66,46681,5298,18,35069,31,2962.51,7415.91,2021-01-25
2019-07-02,29,26063,2128,73,56066,8,7938.47,27481.98,2020-05-11
2019-06-13,25,44665,9532,97,38010,34,3147.37,26059.13,2019-07-04
2019-01-31,100,45574,3251,15,48025,57,1419.99,9779.98,2019-03-02
2019-02-08,10,45982,8704,69,5105,38,5739.46,46500.53,2021-09-02
2019-10-08,75,6981,1782,79,35058,45,8121.09,27154.21,2020-02-21
2019-11-08,64,39816,4290,18,29711,93,4973.02,33703.37,2020-07-09
2019-07-26,53,71300,9214,70,676,95,1313.35,28399.2,2020-04-17
2019-07-27,16,54314,1975,4,17295,75,9426.81,40318.81,2020-04-04
2019-04-20,98,20078,2155,37,23770,47,6052.61,46924.17,2020-02-11
2019-11-27,72,42119,2747,17,44589,77,1398.57,31619.1,2021-10-18
2019-01-28,75,6136,9728,47,38265,66,2020.32,30390.99,2019-11-07
2019-02-06,69,72051,948,40,62982,83,7015.02,5607.97,2021-08-14
2019-08-31,15,22790,988,20,37800,54,1255.96,34218.29,2020-12-03
2019-06-18,40,65749,3249,89,8896,15,2106.4,24574.98,2019-02-18
2019-05-31,35,2190,2434,55,7455,39,566.96,14902.78,2020-10-15
2019-01-09,96,10193,8112,36,55984,52,9561.72,21439.46,2021-08-27
2019-06-22,76,73105,6373,48,4184,51,9177.93,8590.72,2019-03-19
2019-07-30,65,67799,3378,79,31351,85,8738.79,48291.45,2020-04-19
2019-03-20,70,51450,627,1,58901,96,2997.37,4337.11,2019-11-18
2019-07-12,38,4534,9333,37,43125,88,2866.37,23501.07,2021-05-02
2019-03-12,23,47480,704,52,29275,92,9453.68,49431.39,2020-04-28
2019-03-31,94,62116,8299,79,8844,22,1389.54,16563.7,2019-06-10
2019-11-07,82,48562,8268,1,5189,97,7290.84,48186.2,2021-07-25
2019-11-16,33,74796,9143,55,40467,29,9832.91,35417.48,2019-10-06
2019-11-05,84,45453,3198,17,36162,82,5051.96,42827.81,2021-07-15
2019-01-13,98,70520,4708,21,9479,11,9556.03,5523.95,2019-07-24
2019-04-27,94,62437,6634,88,16627,80,6854.88,36241.61,2019-03-05
2019-08-16,89,35086,4269,87,47105,40,9013.55,42193.07,2019-07-13
2019-03-08,8,20589,2609,94,47375,50,2546.89,46572.05,2019-10-17
2019-04-12,35,12577,4418,37,19686,70,1977.8,1187.46,2020-08-01
2019-05-28,58,37573,3647,50,59481,41,9006.07,4610.49,2020-07-03
2019-07-24,58,17712,2513,10,49296,17,8068.54,49990.39,2021-12-08
2019-05-09,94,42932,9330,25,12458,20,6085.08,17125.33,2020-03-10
2019-01-25,49,63580,4513,32,13435,43,8888.04,16099.26,2019-12-22
2019-09-27,29,46552,9639,2,3391,67,726.36,23632.4,2022-02-02
2019-07-10,29,14501,1082,31,21927,74,5709.36,17069.53,2020-11-02
2019-09-26,28,50691,4295,11,58978,65,420.97,24477.3,2020-02-05
2019-01-17,1,33701,2478,66,55073,42,1166.44,43834.86,2020-02-20
2019-04-23,39,6925,6557,99,31365,53,1646.96,42482.69,2019-03-16
2019-06-29,50,45610,2691,69,46406,84,1303.57,24389.93,2019-10-07
2019-12-27,42,45917,7450,3,38521,91,1957.83,32320.65,2020-05-27
2019-07-24,25,38382,5426,10,34643,96,7946.2,4885.34,2020-07-30
2019-12-31,96,2329,8865,17,42701,20,6304.22,45404.25,2021-09-23
2019-06-07,74,68661,6149,35,42009,89,8112.45,26588.36,2020-11-10
2019-06-03,70,3572,4016,52,29685,87,6197.06,7151.5,2019-09-09
2019-08-15,26,3845,2074,80,26210,20,8049.14,3412.86,2019-02-15
2019-08-19,49,46020,6075,30,29258,42,8134.6,3429.91,2020-09-06
2019-07-17,9,24139,1648,22,5167,18,238.15,250.93,2019-12-24
2019-03-31,35,13331,4416,10,8538,85,9754.17,14496.92,2020-12-17
2019-09-23,63,27252,295,41,49051,94,6726.14,18710.36,2022-01-05
2019-12-03,30,31791,3297,64,61356,17,5528.49,19131.57,2021-07-14
2019-09-28,3,73454,1058,15,63712,30,3182.46,22424.67,2021-11-07
2019-10-06,56,34129,7659,12,8589,66,2861.79,13627.42,2021-06-27
2019-10-14,42,50948,2159,87,14330,22,2280.12,40749.59,2020-01-10
2019-09-25,91,45958,1096,13,1395,41,5268.67,45016.61,2021-04-20
2019-01-27,90,54601,6913,98,9941,30,6517.22,45759.71,2019-06-09
2019-04-02,97,52086,3099,15,40499,41,3156.7,5107.56,2020-07-23
2019-09-05,11,59020,5232,19,27273,65,1844.62,2939.57,2019-07-15
2019-09-24,99,59731,8080,22,57390,46,7184.04,24999.71,2019-09-08
2019-04-20,77,64458,6770,97,15118,72,1898.55,2008.87,2019-02-25
2019-10-08,12,31424,606,95,43039,64,9479.4,6527.85,2020-09-20
2019-01-21,24,50277,4878,77,10483,97,6580.08,4771.85,2020-10-09
2019-11-02,11,57427,7004,23,61513,80,1520.57,34605.37,2021-11-05
2019-11-06,57,55195,7082,64,32893,81,9211.76,28758.51,2020-05-17
2019-05-26,57,53606,9280,97,55362,88,9655.64,12449.32,2022-01-27
2019-01-31,5,56472,3632,93,55333,99,1237.96,3456.4,2021-12-31
2019-09-26,20,13578,5988,50,10433,39,4850.51,7512.85,2020-09-18
2019-07-29,72,50380,9998,37,10594,5,2294.52,25175.07,2020-04-03
2019-12-29,11,37806,1815,75,28466,4,5711.74,30043.92,2021-05-10
2019-12-29,96,48247,9802,23,35757,86,4024.09,9005.86,2020-04-02
2019-07-12,46,8890,1044,97,8589,25,9064.93,48736.29,2019-09-30
2019-11-07,77,9687,7376,35,59893,64,8896.49,3181.09,2021-12-23
2019-06-04,29,21545,3716,73,31935,68,7959.11,21243.5,2019-07-23
2019-06-25,49,74373,2328,61,31030,16,1512.58,46676.38,2019-12-02
2019-06-06,99,65677,6685,11,44443,100,7557.74,16208.63,2020-01-14
2019-12-05,31,12375,8954,77,27428,80,2624.41,14510.14,2020-05-02
2019-06-12,65,19986,3693,12,21881,65,7503.28,21437.51,2019-06-06
2019-02-01,31,2880,716,72,39880,72,6576.13,30143.56,2020-03-09
2019-04-06,52,71990,597,25,554,56,838.67,43615.48,2021-01-08
2019-07-17,97,60080,791,14,43815,50,4236.87,40882.07,2019-07-06
2019-07-12,82,44427,4263,76,27807,72,4015.09,25485.84,2021-12-18
2019-12-08,69,50555,2266,80,53783,31,9905.52,30360.84,2020-03-01
2019-11-23,82,28269,7865,78,9765,3,8203.9,44282.57,2020-01-18
2019-12-24,54,51020,855,63,20287,53,8996.88,5646.2,2021-06-30
2019-05-22,81,36685,3813,14,47586,86,9625.91,44475.26,2020-01-21
2019-03-23,31,19159,9760,40,50177,89,7097.04,11195.24,2019-02-13
2019-06-26,44,27822,450,33,61113,99,642.88,110.38,2020-08-27
2019-02-27,56,47725,5643,99,17079,58,3164.67,15523.84,2021-12-11
2019-01-31,7,5415,8489,52,57132,97,3630.64,19954.78,2020-02-15
2020-01-02,52,39049,8887,21,25892,63,9091.54,13355.21,2019-03-14
2019-01-18,44,31510,4066,34,58717,5,4675.69,49817.36,2021-11-12
2020-01-02,53,43981,493,94,45626,17,5822.5,9530.89,2019-12-07
2019-10-19,77,30674,8347,21,30537,97,3859.85,8877.29,2020-05-02
2019-06-01,39,28375,3073,8,32765,12,1186.08,22929.93,2021-10-09
2019-11-08,75,6094,7009,6,55859,24,6168.82,5762.25,2020-04-26
2019-04-14,40,6950,1495,62,2514,87,4814.93,3294.98,2020-12-18
2019-02-01,79,18578,215,33,12384,42,448.69,10201.17,2022-02-03
2019-07-18,91,64867,3183,4,17674,12,5976.89,42476.22,2021-10-09
2019-09-13,56,21129,289,56,41536,12,9234.6,39314.68,2020-07-21
2019-01-30,29,69102,760,29,61653,17,714.52,13152.27,2020-04-29
2019-12-03,19,71647,1993,25,40743,18,632.17,49668.24,2019-07-09
2019-01-09,72,71177,7447,71,12436,32,8779.81,40182.32,2019-05-10
2019-03-09,29,8349,7142,39,51026,91,9804.73,38432.59,2022-01-28
2019-03-11,88,31669,4835,63,17312,16,7755.08,4725.44,2020-05-24
2019-04-23,46,56922,1257,10,56424,98,1899.3,46086.69,2021-09-04
2019-10-24,54,28006,6716,65,52986,38,3508.04,41662.76,2021-03-30
2019-12-04,41,27299,3101,13,58442,100,1745.23,9042.59,2021-10-13
2019-11-29,65,16138,107,14,23275,100,5765.6,11860.95,2021-06-04
2019-05-31,35,66138,4810,58,16066,67,3275.72,45543.09,2021-04-28
2019-05-24,72,64130,7162,2,57405,12,2325.19,10682.4,2019-12-09
2019-09-04,74,62009,2375,72,4355,63,1382.0,12547.74,2020-01-01
2020-01-07,12,10278,2346,93,48862,63,5489.7,26762.02,2021-04-25
2019-07-17,25,43410,1217,15,13944,99,9436.0,7807.54,2021-05-29
2019-06-05,61,45509,1792,16,46473,7,3751.74,34142.24,2020-08-07
2019-09-13,54,60800,1967,99,50977,81,8379.2,31618.91,2021-01-01
2019-11-04,31,33872,2762,23,14634,72,336.62,41084.89,2019-02-20
2019-08-12,22,61254,4976,60,1110,86,1981.19,38369.15,2021-11-13
