Data,PaymentID,GarantyID,ClientID,DiscountID,ProductID,AmountProducts,TotalPrice,TotalPriceDiscount,EndGaranty,OrdersID
2019-09-10,572,46129,6054,45129,372348,53,6302.99,13679.55,2019-12-16,12461
2019-07-31,576,30962,7489,29031,150721,9,2212.01,47940.31,2020-01-23,18524
2019-04-28,10,23157,8769,7555,358823,71,5056.73,31528.73,2020-09-24,7564
2019-02-11,667,36028,1711,78030,53910,78,1255.97,32919.88,2021-05-05,501
2019-04-16,699,33942,164,10226,117342,85,4430.19,14439.62,2021-08-26,7588
2019-02-14,175,29739,9720,77428,78166,28,265.06,30896.77,2019-09-25,14877
2019-09-15,1060,5470,7801,31298,366065,62,9786.39,42089.22,2019-11-28,11958
2019-08-08,663,66554,8243,33101,211411,90,364.02,3510.43,2021-12-05,6660
2019-10-07,1139,12621,6723,88680,56485,11,1827.44,43331.79,2019-04-08,18436
2020-01-06,381,14910,5573,52219,86149,5,3037.64,23683.66,2021-10-23,10519
2019-12-11,1097,39586,8775,53012,296518,28,9150.04,6082.35,2021-11-16,17729
2019-02-28,113,25055,3054,33747,220916,14,4157.95,2427.07,2021-08-30,13345
2019-01-13,58,15113,477,28848,210360,71,1245.38,34340.02,2019-05-22,7848
2019-01-15,773,29929,7147,63049,201245,68,2450.11,14094.6,2020-10-06,5851
2019-01-23,915,17819,4577,95488,60242,17,6497.2,4902.58,2020-05-27,14453
2019-03-08,119,55986,697,94347,209434,6,6846.64,49111.47,2020-04-26,19381
2019-05-08,1014,14272,3594,24480,61288,5,2480.4,22041.86,2020-02-07,3379
2019-04-20,562,21542,4772,4642,51442,60,7925.55,8510.75,2019-11-25,4944
2019-03-31,86,68040,9606,88922,187347,60,5564.5,45285.41,2020-02-13,18213
2019-02-26,371,30968,4829,88976,304177,55,3994.08,40953.74,2020-03-26,2381
2019-01-19,911,8199,9824,37784,100763,86,2081.18,27315.15,2020-02-20,9009
2019-04-13,508,70308,1375,55147,338735,99,1515.33,25114.89,2021-02-01,13395
2019-06-11,672,6349,77,48766,277720,82,3645.1,44164.07,2021-07-01,4650
2019-09-18,20,28927,7079,24810,295372,7,1479.41,49172.56,2020-11-15,9609
2019-06-03,194,9198,7106,53811,55452,70,4194.63,42717.51,2021-06-22,5524
2019-08-18,80,42873,5001,79632,232216,7,8931.86,29986.46,2021-04-14,9830
2019-03-14,473,55699,3109,62941,103582,91,1728.67,40014.5,2021-12-07,17877
2019-04-08,108,19303,1520,56467,327703,48,5375.98,28978.36,2020-09-29,7801
2019-11-23,114,15602,1715,551,128859,99,3111.09,7707.96,2020-05-03,10976
2019-12-03,506,73962,7420,92098,301620,73,39.18,2722.4,2020-10-29,998
2019-12-16,1195,48536,6584,51866,135698,48,4375.37,32312.3,2021-10-11,19139
2019-12-08,212,35990,3573,21024,168940,44,5127.45,25274.43,2020-07-20,15543
2019-01-16,973,36603,7546,37794,105684,87,781.58,18844.77,2020-11-05,2352
2019-07-18,980,60468,6117,31323,335827,13,9142.05,20268.36,2019-08-18,15474
2019-11-20,647,20936,4620,11576,349942,91,9240.01,19049.57,2021-12-07,6022
2019-02-27,40,70377,4900,31057,52194,7,5315.74,9166.93,2019-12-22,18934
2019-08-18,210,62247,9862,12293,101895,20,2509.19,4188.55,2020-04-10,12876
2019-02-03,824,46980,7196,52421,213498,73,380.26,35512.47,2021-12-22,16370
2019-09-20,424,52726,9767,8259,153759,21,9021.23,23979.38,2021-01-01,2205
2019-09-16,729,20945,220,62077,97723,49,3653.28,34997.75,2021-09-19,18157
2019-11-18,583,60908,403,78463,209923,38,6324.47,36085.4,2019-08-03,62
2019-01-10,652,65403,3831,5585,360968,84,6038.3,15277.92,2021-06-30,16734
2019-08-26,1196,23916,6532,52048,292930,90,1523.6,42846.39,2019-05-01,15829
2019-04-01,837,35118,8483,7289,379070,76,9006.13,35477.11,2020-02-19,14960
2019-03-30,577,21425,4527,99468,46803,13,7495.73,8555.89,2019-12-19,5966
2019-04-10,927,54605,5158,75782,56405,26,6614.65,48296.25,2021-10-18,9145
2019-08-26,83,65171,4502,99650,69473,6,4036.04,8534.58,2020-07-02,5181
2019-12-24,1131,69366,1699,5511,247417,55,4568.46,2182.58,2019-02-28,6271
2019-12-30,731,49199,1684,78130,262591,12,3516.68,29773.01,2019-09-24,17416
2020-01-01,1192,23920,4598,72169,316663,53,1162.69,44710.25,2019-02-19,17909
2019-12-03,211,12885,7945,86462,356813,94,2892.02,2653.98,2020-07-19,2503
2019-08-06,1088,60482,9503,17428,304712,72,7450.39,9943.09,2019-12-17,4713
2019-06-21,252,17645,7195,59548,212360,37,70.38,47466.6,2021-06-27,1051
2019-04-10,385,3410,6407,85317,140914,3,3713.33,1439.3,2021-02-25,19642
2019-08-06,632,74594,2778,40334,320422,89,2964.71,36.42,2019-07-27,11532
2019-01-29,344,21561,2577,912,347754,76,6122.58,2864.54,2020-10-27,7389
2019-11-30,690,7786,2397,41841,19792,10,1013.36,35048.33,2021-06-15,9729
2019-12-15,219,56719,3460,84245,60821,69,1155.36,6082.21,2021-04-26,2956
2019-01-14,1066,42973,7396,22526,297405,99,8033.73,12333.89,2021-09-15,5103
2019-08-04,600,63491,3651,64335,371856,83,4861.45,17238.59,2022-01-20,17767
2019-03-21,961,8766,2154,41293,117912,12,1161.58,35977.95,2021-09-30,6724
2019-11-28,350,52341,510,10689,177555,14,5550.03,48291.68,2021-12-30,4113
2019-08-01,897,4520,6284,21017,301172,21,1914.89,18919.24,2020-09-22,418
2019-01-26,127,10520,8653,49750,177069,40,7325.45,13310.98,2020-04-30,8403
2019-07-18,34,64127,6414,87068,16708,87,1544.74,47481.03,2021-12-09,6875
2019-12-17,794,10147,3500,51323,73946,7,9508.31,32662.25,2020-06-04,3031
2019-12-30,397,38243,1526,41499,294351,45,7207.89,11043.8,2021-08-21,6911
2019-10-15,147,50779,6383,24116,167372,12,450.74,41729.31,2019-12-01,1573
2019-08-24,465,53955,6704,87126,246062,11,8777.72,6515.01,2019-08-03,472
2019-08-15,307,58732,4541,78029,386332,60,1346.0,14918.05,2020-10-13,6161
2019-09-06,1121,68377,2008,64408,56609,70,285.8,19349.31,2019-11-15,870
2019-08-01,771,41814,891,73368,322976,14,7862.45,23861.15,2019-08-17,8103
2019-06-14,240,3032,1326,75069,95021,52,3881.11,27154.93,2021-02-09,13405
2019-09-13,323,24805,1776,50923,269301,99,2772.84,41427.11,2020-02-27,6394
2019-10-03,981,51823,6497,50511,283903,87,2704.63,16390.12,2020-12-25,8889
2019-12-29,341,39681,4131,29495,332581,86,4675.24,48366.06,2020-09-03,4135
2019-12-26,775,28169,4912,38467,325269,86,9123.09,37850.12,2019-10-14,12460
2019-01-27,560,46665,3272,68283,212147,100,2175.88,17291.21,2020-09-20,14859
2019-03-07,670,47718,5502,72443,310986,3,5829.93,41637.94,2020-08-24,8111
2019-03-06,545,15687,5251,8571,10072,17,7822.43,16942.5,2020-08-17,4516
2019-05-20,21,9252,2015,64476,135415,14,9489.89,14494.69,2021-06-23,16774
2019-06-05,693,57486,7843,95022,202684,84,971.43,4871.84,2020-05-07,5225
2019-07-22,138,43120,6028,33116,260168,17,3955.3,34410.39,2021-08-20,2559
2019-11-16,860,15124,7683,23854,30154,38,3403.6,48951.74,2021-06-25,11614
2019-02-26,180,47066,6145,41548,365938,17,4288.63,2284.35,2020-06-17,3190
2019-07-02,682,2485,1479,59088,344626,68,8841.61,21151.14,2020-12-12,12553
2019-07-02,43,34348,9533,22629,224356,11,5664.64,26338.95,2020-04-24,2188
2019-06-02,1152,66769,7841,23626,39452,27,8937.52,13230.08,2021-11-30,18720
2019-02-04,1199,60864,6482,56593,284744,42,35.04,572.78,2019-06-11,2354
2019-11-05,387,23391,5373,3617,357797,31,8790.82,11120.67,2019-06-01,736
2019-09-30,878,66961,7797,9531,13308,18,1666.78,18323.59,2020-03-05,9942
2019-03-14,706,45067,6180,4639,62328,10,3802.34,26653.4,2021-11-04,5862
2019-08-28,950,54533,446,3596,117426,2,690.93,43978.78,2020-01-23,11255
2019-05-06,1200,28366,9822,17057,91954,93,1924.04,34990.08,2019-10-03,13064
2019-01-12,849,43163,7261,10647,362574,12,2386.34,49619.76,2020-10-27,11399
2019-04-27,42,25958,9238,51254,352764,10,3747.74,15187.23,2020-05-12,13766
2019-09-05,1037,58927,6825,74023,147780,81,5500.22,45025.39,2020-02-18,6265
2020-01-08,1110,34277,1814,36607,387209,97,3250.08,8486.29,2019-08-27,19295
2019-02-14,315,72538,1626,81106,105423,91,8932.1,32174.39,2021-01-24,62
2019-12-07,671,51928,5856,99979,195375,76,3542.31,40027.91,2021-08-27,19010
2019-12-16,74,4339,9000,79137,160200,20,2671.68,32015.63,2019-02-26,16709
2019-07-05,956,67749,7129,42881,269632,83,3420.68,45.28,2022-01-25,17766
2019-07-31,768,46001,6579,91447,176152,18,9989.26,25086.27,2019-08-30,1849
2019-02-17,760,53566,3148,29790,312137,85,3649.68,36548.79,2021-01-10,12730
2019-05-23,398,73914,8145,61850,78002,33,4220.28,46.12,2021-08-30,19933
2019-05-06,525,68034,5160,8922,182063,58,8725.29,35088.44,2020-04-16,7661
2019-09-19,599,15252,536,66617,6194,82,4531.27,7322.36,2019-03-27,15830
2019-01-29,477,73033,8492,39011,85918,98,3926.03,37150.12,2020-11-16,3555
2019-06-09,159,65869,5888,56282,182202,18,1842.66,6311.79,2021-10-29,1927
2019-12-05,285,6903,7322,13004,291648,73,6358.55,4432.78,2019-07-23,10372
2019-10-09,1006,16908,735,13449,198641,68,1852.48,47812.89,2020-08-09,12756
2019-12-25,975,1804,8164,24760,14036,14,7372.79,28814.79,2021-01-08,823
2019-10-08,617,19163,8914,51987,7272,62,8556.55,21752.13,2021-05-31,17837
2019-07-31,76,36152,692,12111,338034,69,8427.97,40402.24,2020-10-28,4895
2019-02-20,275,19787,3700,23538,356050,76,1387.94,6402.46,2021-02-07,5366
2019-07-08,150,7131,2089,3785,364311,21,2827.55,31645.8,2021-09-04,12123
2019-12-26,1014,53252,4221,3841,298912,40,8302.2,25659.16,2019-12-05,4859
2019-10-08,1122,48172,9480,87238,59759,57,5965.36,32668.43,2021-12-05,14487
2019-10-31,857,1332,6373,21759,354183,45,2630.6,31014.54,2021-08-29,6326
2019-08-17,512,13577,9769,3784,312746,39,15.65,8862.45,2020-04-03,9268
2019-10-21,140,6701,4540,21470,28088,53,6541.85,42481.96,2022-01-01,12274
2019-01-19,346,27829,8485,25649,295006,58,2726.84,7805.32,2021-03-04,17051
2019-11-07,1112,44846,4338,28717,44093,94,4519.99,15785.7,2019-02-25,4460
2019-10-19,47,2040,5297,33384,38880,98,522.44,22022.99,2021-02-02,18960
2019-02-03,935,25936,9431,38617,168889,35,1593.56,35234.32,2020-11-28,5306
2019-02-08,710,5262,5628,42937,332763,80,3597.7,29615.06,2019-09-24,10443
2019-03-28,1025,69481,4561,27957,209084,15,5291.95,30404.81,2021-02-01,11743
2019-08-12,165,36039,3136,58432,112256,1,1912.87,28615.91,2021-07-07,17981
2019-07-13,1194,70064,6042,36255,65365,13,7773.8,24080.42,2020-03-19,19254
2019-03-28,22,31393,782,61809,42471,70,9185.0,9016.71,2021-10-08,11512
2019-05-19,361,12870,3168,26413,152055,30,7658.22,18990.93,2022-02-03,17706
2019-06-26,752,23260,3013,40999,110042,8,6121.29,43846.35,2020-08-02,14265
2019-07-19,21,21585,4901,96244,153808,63,6910.9,29379.36,2019-07-09,19220
2019-01-21,308,68522,7597,35789,59729,40,5336.79,33310.81,2021-08-12,18735
2019-03-07,151,26663,8484,6368,124474,74,878.4,25015.2,2020-10-01,3143
2019-05-05,253,14506,3160,45451,294121,28,3535.62,12290.75,2019-11-27,19510
2019-06-09,647,33543,4862,34317,190895,88,6079.25,49970.74,2021-01-25,1740
2019-01-13,1002,14115,9490,66614,371626,9,8448.3,40063.92,2021-11-19,8591
2019-08-16,762,63155,9482,63951,219385,65,9621.33,26401.6,2021-12-21,12089
2019-12-14,816,57371,815,86008,19030,97,6604.03,34074.22,2021-03-11,8717
2019-10-18,1128,32195,2664,94983,317589,72,3583.89,28305.95,2020-01-30,18264
2019-05-13,1128,51291,9824,25630,360212,48,7728.02,36844.63,2020-07-15,13412
2019-05-23,730,37903,6262,30565,34871,51,4489.31,47301.82,2019-04-14,4443
2019-06-08,407,38951,5586,89512,265183,23,9058.71,48684.7,2019-08-21,13431
2019-01-09,669,34176,5547,19227,95685,10,7904.76,47891.26,2019-05-12,16723
2019-09-21,238,52415,2587,23408,99268,39,5276.56,28491.47,2019-08-05,9529
2019-07-05,598,66601,4051,50611,153901,41,299.76,622.51,2021-06-14,7847
2020-01-04,834,33874,3551,22225,255136,31,7953.24,28362.85,2021-06-04,9320
2019-05-23,537,34621,6835,9942,385292,35,6447.13,48398.99,2021-05-20,6694
2019-09-23,54,55378,2370,8687,295619,54,458.88,30665.99,2020-04-26,135
2019-08-31,1006,61044,8802,17209,135822,40,116.58,21511.01,2020-02-16,16505
2019-04-17,2,27886,5718,91344,54610,100,5397.12,13866.67,2021-08-10,17797
2019-03-10,310,32186,8231,13804,274861,48,1140.04,21968.04,2019-06-09,4555
2019-12-07,412,36802,8031,14349,303666,6,7275.97,41807.95,2020-11-03,16909
2019-05-27,754,71270,3979,98245,180156,90,2920.7,15765.99,2021-01-12,9422
2019-04-12,1122,30816,8581,41005,320313,97,1169.76,3983.7,2021-03-29,12812
2019-08-27,1146,45386,6971,8059,304274,23,8771.76,24829.34,2022-01-04,3170
2019-03-19,386,34894,1977,50298,254141,80,8792.18,6413.63,2020-07-06,19357
2019-08-21,1065,22529,1240,94434,3726,7,2554.89,15287.11,2020-07-24,16315
2019-03-12,432,60590,1316,94760,222855,48,6652.9,32513.03,2022-01-21,14247
2019-11-26,1158,26023,9994,20707,302116,99,1470.01,11119.53,2021-05-10,7212
2019-07-17,913,8491,2279,2599,316352,32,7717.62,16608.5,2020-07-23,4088
2019-08-09,1180,67520,9101,31868,38645,98,2485.87,27676.37,2020-10-14,19486
2019-06-08,445,10336,8688,95108,150489,99,6305.96,9034.74,2021-11-12,11083
2019-05-22,441,38548,7873,64159,261159,34,6228.7,32566.51,2019-09-09,7103
2019-08-28,341,3050,122,83834,341325,21,7797.41,32208.37,2019-08-12,3128
2019-09-29,961,41414,402,75276,49786,66,3954.01,42842.52,2021-04-02,5442
2019-07-23,678,50387,7843,4700,50885,45,2990.07,19562.76,2021-10-26,18767
2019-03-07,944,40995,161,14472,116249,92,715.48,47859.74,2019-08-18,18866
2019-07-11,554,17416,7484,90166,72853,4,847.56,37629.12,2020-01-03,8271
2019-06-07,899,46953,3307,51276,274391,85,6915.87,36727.5,2021-06-16,11278
2019-09-03,1123,40507,8656,67153,284935,90,5038.75,29265.35,2021-12-26,880
2019-03-20,869,9600,8357,2296,206404,40,7065.35,10333.58,2020-12-02,7807
2019-04-15,841,42541,1332,1562,358080,73,8228.85,27795.89,2020-09-27,3031
2019-09-10,612,71035,6517,4544,384486,88,7124.33,10309.82,2020-07-01,13709
2019-06-11,1189,34073,4006,60373,363315,86,2632.21,11689.4,2019-09-10,12583
2019-11-02,27,7332,1570,77660,249560,78,3406.09,15730.8,2021-11-08,12306
2019-03-24,3,27027,9768,25186,20518,75,485.84,9357.98,2020-09-28,3787
2019-05-25,215,22631,9044,39415,79704,9,4054.96,47542.88,2019-11-21,4681
2019-12-18,694,70682,3650,93016,34046,22,7171.45,33763.77,2019-08-24,8259
2019-08-31,58,48228,1938,89667,285081,75,1903.69,48107.48,2019-12-08,17057
2019-08-31,643,35589,6925,5879,344164,66,9578.26,24046.76,2021-03-04,2931
2019-08-19,177,30438,7601,54842,268595,56,4599.7,45333.18,2020-03-02,16069
2019-05-30,1187,32179,3968,97012,88130,79,5454.81,2400.56,2021-11-23,11740
2019-03-15,68,49127,1505,70892,196578,94,6569.99,15485.38,2019-09-24,12044
2019-04-25,555,28369,5405,89366,123512,40,5072.72,17127.51,2019-09-25,16258
2019-01-15,902,66597,9634,42092,310674,36,8620.06,30307.42,2021-01-23,1266
2019-07-24,102,28858,4776,90685,250149,5,5539.72,27034.76,2019-05-02,15473
2019-03-05,987,21943,4868,4838,106578,38,9531.56,48031.51,2022-01-01,9506
2019-02-04,758,9365,1459,96668,94538,52,8071.4,28816.86,2019-08-17,14889
2019-04-06,633,9176,4992,15780,3006,4,4024.47,39638.79,2020-11-12,1252
2019-05-20,1021,10279,8203,86577,31804,67,7918.68,36021.66,2019-04-23,8590
2019-04-10,983,16922,8747,29322,44709,33,9765.38,26105.88,2021-10-19,19764
2019-08-24,946,37967,1246,2580,341107,6,1681.22,14320.03,2019-03-10,1251
2019-03-30,909,66938,2625,61681,84490,20,921.72,27313.42,2020-06-15,17341
2019-07-08,578,59317,4015,65131,267835,58,7349.56,14907.06,2021-10-26,15410
2019-05-02,17,20352,4968,713,114997,23,5772.91,45023.02,2021-03-11,19574
2019-09-29,725,10704,560,39251,150093,76,8888.47,45772.65,2019-07-05,3261
2019-08-11,88,38341,7311,57261,338720,16,1333.6,27544.53,2020-05-12,13564
2019-11-21,750,64448,1880,23335,176151,66,9296.52,16707.02,2020-07-22,3809
2019-12-17,445,62724,5482,55209,73277,81,6907.29,12564.63,2021-07-05,19883
2019-01-09,84,57464,3453,7541,359236,55,7435.36,3010.12,2021-09-18,5533
2019-07-08,265,26266,2296,52674,235452,13,6865.71,9085.95,2020-08-08,150
2019-11-28,1016,53372,6936,77689,225910,33,4423.34,25723.51,2021-08-02,18046
2019-09-18,38,25933,1885,81809,274466,19,2470.0,439.73,2019-04-23,1050
2019-04-14,407,40983,9210,34604,44376,22,4198.88,8381.29,2019-07-13,7344
2019-04-01,553,73276,49,83446,149037,43,1351.57,40862.81,2019-06-04,2636
2019-06-21,390,67009,5221,42060,281990,83,8167.41,206.49,2021-01-30,6822
2020-01-06,78,55983,7425,25347,297785,14,3101.53,48745.59,2019-07-20,1150
2019-01-31,1076,46721,6660,71147,31924,58,5391.43,42266.25,2021-02-27,8219
2019-09-23,987,21538,7035,76780,149901,75,8686.71,13007.41,2021-03-30,11213
2019-09-22,690,52329,2082,58783,122283,43,7868.17,42611.95,2019-06-18,10789
2020-01-01,341,47103,162,70311,215128,51,6999.11,22913.38,2020-08-16,12831
2019-05-11,69,10871,4432,34615,269103,50,2247.75,36735.98,2019-06-13,17998
2019-01-19,972,35411,733,25297,166468,73,5387.05,31791.13,2019-07-18,1700
2019-10-04,348,8462,8732,85845,371544,65,1795.53,43787.36,2021-03-10,11688
2019-08-19,609,30640,9272,99036,331704,46,4520.52,12344.75,2020-07-30,10737
2019-09-19,463,7355,3639,38071,368831,38,4357.57,21331.52,2019-04-27,17928
2019-06-17,392,35461,6390,7823,311065,67,5813.76,10479.75,2020-02-11,19287
2019-03-18,86,34331,7396,94317,165457,61,3902.2,47287.25,2021-06-22,12399
2019-08-27,749,34325,9783,74616,136661,12,5599.31,41147.76,2021-10-16,15844
2019-11-04,850,5335,4426,22801,199217,80,9474.76,38330.19,2022-01-10,5024
2019-06-09,482,24588,4927,36586,292330,11,6097.36,30324.93,2021-10-09,18243
2019-08-19,756,68018,7419,75761,161860,75,763.7,33134.91,2020-08-21,1727
2019-05-01,38,53259,4954,24858,147710,94,7706.62,24880.7,2019-03-01,583
2019-11-05,609,42047,6045,39821,287117,17,1649.01,30766.57,2020-12-02,5715
2019-02-14,116,22150,4819,85569,333925,87,9808.44,3763.15,2019-11-30,19627
2019-06-01,565,44353,1997,25850,288858,59,1664.05,42031.44,2020-09-17,959
2020-01-02,194,40368,54,12472,222002,71,2873.87,39877.22,2020-05-12,15126
2020-01-06,421,21467,6983,49245,196069,92,4535.53,17592.42,2021-08-23,13184
2019-02-19,276,28761,5023,24858,97358,10,4510.62,25455.9,2020-09-24,895
2019-05-29,177,53647,7871,42946,199272,55,3396.66,15128.87,2021-10-08,15353
2019-09-10,918,16826,3193,62660,104152,7,2919.14,20268.19,2019-12-15,9298
2019-07-16,569,17746,7392,9161,314319,9,64.31,27008.06,2020-07-11,12500
2019-06-07,643,23669,5632,83416,56528,64,8248.9,45361.76,2021-12-19,618
2019-08-03,735,14846,7311,49490,174262,35,467.15,20040.28,2020-07-27,19049
2019-04-21,472,26470,3409,3596,141328,21,7173.4,7915.43,2020-07-10,4376
2019-08-25,153,71090,4910,13421,101120,6,1606.78,27032.21,2020-09-13,15086
2019-12-13,2,3112,3022,47783,270219,42,2210.45,25632.17,2020-11-24,9783
2019-06-29,523,68940,8010,4921,87182,99,8902.46,13269.74,2020-11-05,12623
2019-11-04,682,25339,2770,62819,80394,47,9941.6,1227.18,2020-07-14,14681
2019-07-21,759,38301,2973,66471,274808,58,182.92,21408.25,2019-12-25,13025
2019-03-16,641,32126,569,24603,163147,82,6623.35,33187.47,2021-02-03,16950
2019-07-25,1162,15942,7266,43843,163029,65,8024.9,3028.39,2019-02-06,16788
2019-01-24,185,41847,4951,81734,362910,4,5456.84,37353.1,2019-02-15,10030
2019-02-09,571,67006,9763,67370,183542,29,3366.77,20382.47,2020-11-06,10029
2019-10-21,682,54549,6294,42122,344417,93,9420.05,36146.82,2019-08-19,11926
2019-09-07,706,17210,6253,56135,362530,36,1563.53,27130.01,2021-05-01,18869
2019-04-12,645,70108,7689,46246,221285,7,531.22,44723.28,2021-11-25,19011
2019-09-23,1075,39674,8129,37224,3117,25,792.03,32602.31,2019-10-15,16888
2019-04-11,1188,47183,8211,23680,300482,52,1925.98,39884.62,2021-05-04,9960
2019-05-30,287,28660,6218,70791,284249,93,7379.79,41261.54,2021-10-19,19339
2019-07-05,798,55127,8000,8722,204636,46,9204.27,21673.22,2020-12-10,8678
2019-10-02,117,3279,1436,44367,293322,48,2423.98,22737.01,2020-09-16,14275
2019-03-04,718,31026,7871,62106,116845,56,2189.9,1432.41,2020-03-14,3793
2019-08-18,351,45957,2329,17769,103600,7,8222.2,25719.17,2021-05-02,2162
2019-12-05,694,14461,761,97220,57127,53,6178.05,15882.38,2019-02-28,11190
2019-08-13,1185,40884,1426,74866,179709,96,1878.79,29655.27,2021-02-17,3137
2019-07-07,39,68294,2909,26941,193122,24,9124.82,18175.56,2022-02-02,727
2019-10-23,894,61032,950,99178,333741,98,6481.51,25799.81,2021-08-19,12169
2019-01-31,756,23401,1510,28683,210175,12,6955.6,6267.71,2021-09-02,17435
2019-04-30,119,28580,6682,30134,292359,3,7118.16,15171.83,2022-01-14,11934
2019-02-09,570,13628,7658,27145,232927,10,5163.17,23709.28,2020-04-11,9609
2019-12-18,585,45485,1586,39621,180700,39,520.13,35891.2,2019-03-28,5379
2019-04-11,287,18903,8584,78565,68546,87,7884.86,43678.17,2021-06-24,11142
2019-12-05,358,28804,5553,6430,51576,84,4765.1,9568.84,2021-05-25,7190
2019-09-21,457,30492,5439,57480,190937,67,5959.89,4853.54,2020-05-21,7273
2019-02-27,277,4857,8924,19168,227702,48,4492.93,31356.53,2019-10-06,509
2019-08-18,953,38153,1607,66330,270805,37,5842.87,35773.15,2019-05-25,15012
2019-08-19,455,11944,9655,13419,188850,91,199.67,36637.72,2020-02-02,17233
2019-08-03,261,19678,206,78028,119516,4,7330.85,34968.28,2020-08-11,12763
2019-08-11,888,33066,2954,75788,125721,71,2276.66,36283.19,2021-06-12,2413
2019-02-21,252,24597,3907,96233,171825,94,5885.55,4328.51,2020-01-21,3613
2019-10-06,81,72353,6929,43709,26724,64,9439.6,7133.02,2021-04-14,12159
2019-02-23,698,50850,7043,38828,131257,55,5472.07,24.97,2020-04-08,19831
2019-04-17,373,28796,2751,31881,19743,74,7319.3,4168.34,2021-02-23,6012
2019-06-14,365,31286,6607,2337,364821,89,6424.05,17715.58,2021-04-01,16465
2020-01-07,779,26743,4973,2701,123027,22,7355.76,18914.68,2019-08-19,11610
2019-02-25,1161,36087,5860,50072,228482,4,1152.65,35018.53,2020-07-07,5633
2019-05-06,207,3564,8095,29446,315095,88,233.07,15034.54,2021-09-19,16137
2019-04-28,670,1279,3846,87364,349556,3,485.15,34292.51,2020-03-14,3901
2019-07-24,1076,55467,4678,47867,80830,1,8005.96,40863.25,2019-11-29,8251
2019-09-29,231,41453,5397,3000,269748,81,7505.66,31249.41,2019-11-22,6049
2019-08-19,1015,17716,2261,67571,84572,1,6456.53,15755.34,2020-08-03,7434
2019-06-30,886,55507,6030,70703,42866,64,2237.96,12377.12,2020-08-30,18968
2019-12-16,471,28166,9467,78289,18895,61,1195.67,45811.9,2021-09-06,15692
2019-03-06,934,70847,9641,97285,276009,25,6738.29,37858.4,2019-08-22,9840
2019-11-04,799,13378,6759,68454,52812,99,8954.12,11958.75,2020-10-17,5571
2019-10-08,699,66320,9608,12019,256326,49,2503.1,3604.16,2021-10-26,3271
2019-05-29,391,15267,7167,72367,86650,93,1150.59,10762.96,2020-04-27,9686
2019-10-20,116,60542,9025,29782,195634,15,6206.38,7438.83,2020-01-13,5075
2019-10-23,96,23120,6717,48234,53114,77,2354.32,47153.62,2020-07-18,4985
2019-03-19,866,63662,5151,95996,208466,86,6268.19,14204.03,2020-04-29,10877
2019-08-29,687,70738,3158,70624,192666,70,1995.91,7399.02,2020-03-26,19810
2019-08-16,914,27252,7053,1760,37003,95,1461.91,11361.94,2021-01-22,3264
2019-08-20,994,1877,2706,71114,298671,27,2299.66,42449.18,2019-12-15,10838
2019-07-10,904,16307,989,7720,264559,79,5178.76,47796.01,2021-04-30,19983
2019-12-09,119,9972,2106,76748,303241,99,207.22,36579.8,2019-08-01,12393
2019-03-03,277,45186,2779,70933,310904,56,1195.68,34390.69,2021-03-29,182
2019-01-09,765,57934,7298,66013,106429,90,3083.12,11780.48,2019-03-16,16399
2019-01-15,307,8563,7475,81822,383330,100,5813.69,9987.35,2021-09-22,4707
2019-09-01,41,15875,2363,79513,293450,81,3623.87,21080.83,2021-11-06,4151
2019-09-08,99,47663,4678,33200,222882,31,7218.77,1568.13,2021-02-20,19827
2019-10-10,466,40382,5946,89053,234171,35,7502.85,44498.51,2020-06-21,11344
2019-01-17,983,15289,2606,1528,93617,42,798.55,44486.47,2021-09-27,5029
2019-12-17,894,48327,476,17093,78684,89,3877.49,24191.15,2022-01-31,9504
2019-11-07,604,51685,3990,26905,88349,60,7705.31,30529.45,2020-05-08,718
2019-11-26,763,8024,9439,86139,288321,42,3826.88,4227.09,2019-10-26,13370
2019-12-19,1033,47575,7539,70936,357456,6,5492.51,28373.22,2019-06-17,15076
2019-08-12,657,13467,1393,78115,385876,90,8160.99,11790.91,2020-07-23,12535
2019-03-21,1123,70327,48,89158,8271,83,4666.23,4585.36,2019-09-25,9012
2019-04-12,1098,39349,6091,33381,17870,86,5931.79,48770.76,2021-08-14,16767
2019-06-13,1013,5269,5069,39685,181052,7,6913.38,36150.73,2020-01-09,15889
2019-01-30,977,2262,518,6701,78590,8,1234.55,24160.15,2019-12-25,16108
2019-09-24,327,36550,9897,86884,25956,75,7886.4,14761.98,2020-01-01,17604
2019-04-22,1175,8853,2264,39281,381341,57,7590.89,37519.12,2020-08-08,9550
2019-08-14,660,46873,4601,11057,118861,18,1418.68,39893.96,2021-01-21,2743
2019-05-24,1157,3403,644,35403,363958,77,3527.64,48090.33,2021-11-24,18683
2019-05-24,610,27065,4640,59241,343906,18,6277.53,6448.32,2021-09-21,8548
2019-09-20,46,62978,7173,18354,40617,27,1319.5,2171.72,2019-09-01,9738
2019-10-27,356,15428,661,38107,127047,97,4761.9,3866.63,2021-03-17,4103
2019-01-12,954,62810,4924,95121,323548,46,1489.25,17593.32,2020-01-21,6857
2019-05-24,784,47688,8016,16920,374266,62,3701.31,14149.11,2020-03-27,16112
2019-01-23,115,39182,9850,91540,21542,92,1526.0,43544.69,2021-08-24,2600
2019-08-08,672,18172,9288,66806,312482,67,1197.62,7197.61,2020-06-06,16529
2019-09-17,825,23748,8617,70647,303640,22,2291.16,33496.12,2019-11-22,5088
2019-04-22,829,70239,799,36062,209175,12,5899.39,29128.27,2020-11-29,4291
2019-07-29,222,69881,823,53869,271603,78,8754.11,45064.08,2021-04-12,15415
2019-01-23,307,55521,5620,42142,377488,17,8633.92,6828.96,2021-12-31,18208
2019-12-13,269,69850,3962,2825,189124,5,7869.23,36352.54,2019-05-10,13011
2019-04-10,717,51972,2702,99546,306237,12,7730.95,26266.8,2020-05-02,899
2019-09-27,1177,28301,3795,5231,97902,93,2112.51,20806.69,2020-05-20,2136
2019-06-07,775,74541,4769,64651,335559,7,65.59,15222.73,2019-12-30,13329
2019-06-09,1038,22247,6864,6924,285879,76,3260.68,429.5,2021-01-11,7352
2019-02-21,175,20706,6220,11185,258523,67,6518.98,26614.75,2020-12-11,8730
2019-03-01,598,53687,7468,20236,167854,28,6098.03,19025.23,2022-01-15,4102
2019-02-07,900,18777,4315,47231,115389,87,173.1,26461.98,2021-03-07,18749
2019-12-02,1107,31145,9343,63818,371477,22,5900.54,337.0,2020-05-13,3008
2019-05-07,760,69929,9607,37643,264723,85,1056.42,16320.94,2019-11-02,15175
2019-03-25,559,61712,5010,80006,52906,2,7914.39,33110.25,2020-04-13,13965
2019-09-25,252,68239,439,37432,220437,72,2917.1,33920.0,2021-05-01,13029
2019-12-24,884,74775,1066,33821,37979,39,6467.37,642.69,2021-06-24,16689
2019-06-25,406,67003,2166,95041,367436,32,3357.37,44271.56,2021-03-14,1554
2019-02-15,152,71261,2977,39678,374310,39,7241.49,5690.22,2021-07-20,3042
2019-12-14,766,55030,4393,21003,110097,3,7470.58,19058.05,2021-12-18,6326
2019-02-20,828,41298,8694,42256,180668,67,3398.04,15974.4,2020-12-19,6721
2019-09-30,688,16902,8158,19326,137450,44,7449.4,44796.39,2021-02-16,12047
2019-01-12,274,40651,4264,99296,296108,38,3033.78,10838.15,2021-12-19,18244
2019-08-06,906,58416,6211,7831,33875,57,9263.68,45253.82,2022-01-07,16320
2019-12-18,324,9053,3933,49208,153930,1,9809.6,13417.23,2020-12-11,2603
2019-09-11,10,53669,1404,98826,280188,44,1078.77,42058.15,2020-02-12,8975
2019-06-26,148,5320,6877,26857,322929,11,60.72,47307.4,2021-10-01,507
2019-10-22,68,28208,2090,25039,61162,83,2060.45,25089.02,2021-01-06,5101
2019-05-27,864,57972,6527,98759,177770,27,8218.67,42338.97,2019-11-01,11145
2019-06-21,1123,58438,5676,98015,331791,60,7057.28,28608.36,2020-12-11,8250
2019-09-03,142,40542,9917,73590,349108,91,186.1,29737.39,2020-05-19,12827
2019-12-24,251,49147,7719,63537,266187,57,1175.11,28001.8,2021-09-03,4743
2019-12-24,65,54156,6957,42780,373103,43,6807.16,20726.91,2020-08-09,14876
2019-05-09,384,26220,4491,14045,297462,29,5425.72,12693.93,2019-07-12,11565
2019-10-21,989,12844,7593,55621,90766,11,895.5,35131.03,2021-07-04,14496
2019-01-17,955,50269,1129,64530,168969,26,6920.19,18303.93,2022-01-17,5651
2019-04-29,242,54560,3684,8826,259316,6,1417.92,5821.56,2020-01-08,17669
2019-05-31,1080,33226,3351,92720,135559,5,965.68,29454.7,2019-05-14,3148
2019-01-14,453,43817,5492,48529,179625,99,5460.74,30643.55,2019-11-17,19076
2019-03-15,554,38583,5169,51268,336896,57,2399.42,29989.99,2021-12-23,386
2019-04-03,1066,14661,40,81182,208020,37,1628.6,37264.91,2021-08-10,19350
2019-05-24,635,2892,5427,34597,52862,89,5255.96,24728.81,2021-12-14,3460
2019-10-07,791,40910,3337,76361,34034,59,1927.45,22357.63,2019-11-27,12445
2019-05-24,1132,55309,2852,52397,123231,25,3805.04,47.64,2020-03-25,4235
2019-02-26,914,44854,5626,18987,382089,86,2696.45,43725.38,2020-08-18,2184
2019-06-12,753,71046,1895,21221,193567,63,4946.61,19784.03,2019-03-01,11617
2019-05-07,303,7548,2991,68786,81293,92,1091.86,1294.99,2020-08-26,10602
2019-03-12,899,52010,2479,45009,138084,52,3487.42,9681.97,2019-11-02,2626
2019-06-23,406,37880,3196,27212,48412,42,5913.62,44904.38,2021-01-13,9440
2019-07-27,670,49770,2479,34055,218374,47,4937.38,39220.06,2021-09-14,18855
2019-11-12,914,43804,4082,24745,245958,74,6395.67,35805.72,2020-07-28,16655
2019-06-28,180,4657,9541,79870,144650,83,5097.42,47480.13,2021-09-06,13383
2019-01-10,457,41313,5438,37399,275998,22,2220.93,31179.1,2019-03-09,18434
2019-06-20,376,35380,1088,13851,181486,58,8732.16,42426.02,2019-10-15,12949
2019-09-19,563,49455,6659,79274,137975,52,4437.49,36477.62,2020-04-28,12243
2019-08-28,524,48408,479,99942,65826,21,2241.0,6834.99,2021-03-21,18550
2019-06-26,504,59442,568,84025,310795,99,8511.61,39994.19,2021-12-09,14295
2019-11-13,584,26834,9672,2064,385431,93,2674.28,13346.4,2019-02-07,9287
2019-07-30,549,67377,2249,53388,382095,24,1955.33,30722.86,2021-04-07,19457
2019-04-01,482,3016,753,45829,86540,89,3807.97,25274.66,2020-03-06,19678
2019-02-03,493,61824,6695,47683,348707,12,7993.88,49522.53,2020-10-26,4835
2019-06-25,58,45617,6246,99295,336545,58,8382.32,25342.1,2019-06-04,12400
2019-11-06,564,48513,2488,63087,228611,75,9352.82,19254.14,2019-10-11,10092
2019-02-09,849,68196,7629,84723,29216,13,9846.6,23431.48,2019-02-22,9953
2019-03-25,617,37673,5698,4065,341142,58,6350.89,31495.31,2022-01-02,18290
2019-11-16,869,8246,3068,38194,218754,40,1061.69,42705.21,2020-02-12,7240
2019-01-14,866,66896,9531,82429,42484,68,9813.88,39434.76,2021-04-15,4118
2019-09-20,621,57623,8506,28631,325904,87,1678.51,19930.32,2021-12-14,13548
2019-09-27,451,69666,6922,51303,96600,37,1406.53,22931.43,2020-07-17,14802
2019-12-16,774,46491,3094,66099,181238,10,8534.17,38719.8,2019-07-02,9462
2019-03-12,990,47230,7258,89439,354438,70,950.93,21335.56,2020-09-26,5566
2019-09-08,313,38497,1942,91329,89271,67,9227.87,2488.41,2021-03-17,5216
2019-06-23,973,12615,9490,1080,67912,60,7394.32,24767.48,2021-10-17,18176
2019-09-10,1097,64581,2493,3260,220271,88,6040.6,27007.72,2020-02-26,9571
2019-08-06,663,5515,1425,97234,24635,49,1865.76,49959.83,2019-03-04,11921
2019-11-15,588,6184,4430,98894,207276,29,4785.03,20617.23,2019-08-28,16563
2019-04-04,758,49454,1275,49331,136598,57,5868.15,36156.0,2019-12-14,19790
2019-06-07,395,45816,9036,15266,87435,4,2263.82,44069.1,2020-11-20,13213
2019-04-06,629,33739,9739,95331,293984,95,4667.77,8249.98,2020-07-01,18649
2019-02-20,792,67748,189,88125,381131,14,5860.45,24322.81,2019-04-06,11481
2019-02-06,1182,48431,8633,73918,142251,32,4083.71,36773.37,2020-05-06,7937
2019-05-10,553,23446,1929,23544,328891,77,7390.03,22916.82,2020-05-02,7967
2019-07-04,557,60978,4245,44981,3270,62,3580.37,41534.87,2021-03-28,16544
2019-03-20,473,56952,9623,248,289977,37,5326.07,39177.65,2020-03-01,6402
2019-12-24,650,48106,642,92919,242856,76,7817.89,30789.1,2021-06-10,19600
2019-10-19,376,23610,8951,82487,267557,39,913.99,27549.8,2019-07-17,13053
2019-07-26,508,42453,7680,63744,246553,2,7043.34,17372.36,2021-05-08,2738
2019-08-26,1195,39208,7236,53894,119168,64,7109.86,46004.33,2021-01-28,12994
2019-10-09,494,40974,7975,7485,139101,76,5539.02,22351.44,2021-07-15,197
2019-08-23,244,57660,7968,20800,137305,1,8648.59,31749.16,2021-11-25,3565
2019-08-24,66,48836,4560,86612,26201,79,243.5,26936.57,2020-12-06,9924
2019-12-22,699,38516,3608,44051,179032,94,125.74,32305.33,2021-04-29,10216
2019-11-24,346,25571,7896,78991,205068,18,2579.32,8679.0,2019-02-18,1781
2019-10-29,616,30467,6595,56374,202772,28,8242.29,13348.61,2020-06-03,9881
2019-12-01,844,56110,9437,8026,236307,98,7998.38,29212.68,2021-07-13,15118
2019-04-09,377,13081,6467,53288,348336,90,3437.3,31016.69,2019-02-28,14163
2019-09-28,1140,46986,9291,3648,137784,69,3821.68,10871.71,2022-01-29,8717
2019-06-22,679,22802,8951,94049,23391,32,8682.09,25273.11,2020-07-16,11602
2019-12-09,525,34401,6017,99306,340780,21,3091.86,14056.49,2020-06-13,19459
2019-09-23,1138,2615,546,83552,364587,50,6642.06,28514.33,2020-11-22,14152
2019-08-22,1055,15386,7054,76878,34521,26,4932.13,21905.5,2020-11-10,9640
2019-04-24,1184,8199,3282,46366,170331,43,9676.0,49650.74,2021-04-09,18657
2019-11-15,1184,1354,2649,68466,212032,57,729.53,19793.69,2020-08-14,18361
2019-06-29,1046,10811,6970,73292,329356,21,369.21,8752.38,2019-06-22,13716
2019-07-09,546,29815,8827,70291,127679,46,7265.39,48893.11,2019-02-11,774
2019-05-14,426,31387,4045,84816,365151,7,590.24,28919.0,2021-07-13,15886
2019-10-01,469,38592,8333,67750,43593,63,8232.31,5173.69,2019-10-06,10642
2020-01-06,13,28413,7317,7629,43200,10,4526.14,42786.26,2021-11-22,2000
2019-03-28,368,20243,1802,20068,189858,98,8738.6,42198.65,2020-12-09,2857
2019-10-28,402,74313,1038,37511,326292,52,3460.28,7689.68,2020-07-02,18344
2019-08-26,479,27205,2635,56749,305104,16,8589.32,46011.85,2021-01-06,12853
2019-08-09,329,22755,3032,3182,228277,21,5335.92,27301.03,2020-11-18,8922
2019-09-18,508,8451,6137,99523,1318,13,8506.1,45699.18,2020-07-02,8152
2019-04-30,675,48610,1181,23330,107851,50,5360.16,2396.05,2019-10-25,2306
2019-04-19,1164,1609,3574,17956,153251,26,7122.23,8698.18,2021-05-17,1771
2019-03-11,973,38270,9866,81108,146432,93,8462.19,28790.55,2020-07-09,2525
2019-06-04,1088,67491,3464,76338,183843,14,8009.52,15963.49,2020-02-07,19985
2020-01-06,88,72943,8178,91169,363400,14,5968.82,13522.78,2021-09-07,19684
2019-10-27,657,32914,9312,45894,109715,10,1334.79,9165.63,2021-10-23,17230
2019-12-30,531,5390,2801,87307,159870,46,8395.29,47044.73,2019-11-21,6548
2019-09-04,220,18808,6296,75907,218164,66,7348.56,35686.18,2021-02-15,14641
2019-03-03,809,3235,9167,8043,187446,76,1961.05,20792.53,2020-09-09,18930
2019-04-14,555,48300,1266,47763,235139,40,5460.94,23817.77,2020-03-28,207
2019-05-06,625,17222,3595,75928,97424,36,948.8,10066.22,2019-07-13,3555
2019-06-25,736,28675,6176,52268,13416,79,8277.24,4305.38,2019-09-15,19541
2019-12-04,264,48801,5778,51141,384859,96,5170.24,44942.87,2019-06-30,2883
2019-10-18,820,67765,6499,7467,144346,81,8524.89,46089.42,2021-02-26,7071
2019-02-21,302,57178,7456,38862,87617,57,7630.62,41211.35,2021-07-03,7756
2019-06-02,989,49782,2358,2298,169845,73,8355.7,6773.05,2019-04-21,2207
2019-12-30,152,13276,1489,43795,176665,79,9639.3,41447.92,2019-10-16,7756
2019-01-10,224,67370,9320,69484,213071,45,3208.26,46836.04,2021-01-14,542
2019-10-26,1134,54872,7468,80502,318106,80,4518.5,3323.74,2022-01-07,15064
2019-12-03,305,58774,6031,55527,334732,82,7725.54,37478.09,2019-02-04,14291
2019-06-12,1147,69075,7844,13019,358108,32,1313.29,38418.67,2020-06-20,5329
2019-01-13,1191,73035,5967,66701,101438,7,4948.67,32723.04,2020-07-19,13575
2019-01-23,633,27730,3533,62667,145479,2,3913.99,11763.88,2019-08-27,13625
2019-08-24,448,8094,1071,61144,67882,56,4631.57,20733.27,2021-07-11,1001
2019-09-30,241,12131,8276,82902,69839,89,2234.96,44540.02,2020-12-23,5079
2019-10-19,210,39052,2992,4984,340065,64,2728.33,4460.17,2021-07-03,17236
2019-08-24,604,66756,2992,38734,42498,86,1156.78,37447.56,2022-01-12,19636
2019-11-25,709,59795,7773,14108,71755,17,492.56,12433.17,2019-03-29,6516
2019-02-10,335,10734,267,82689,47711,72,8960.28,3425.85,2022-01-31,13277
2019-10-26,257,60690,1836,22692,95386,67,4296.49,21545.77,2020-12-22,18914
2019-09-20,118,61610,4813,19378,271262,84,3433.16,35421.29,2019-06-23,9058
2019-09-18,352,37888,7372,1814,355937,93,4717.75,39723.53,2021-08-02,7595
2019-03-26,518,26367,3455,1755,314394,21,7893.24,554.94,2021-12-12,2114
2019-06-29,586,38429,5137,26395,339827,86,9224.7,15630.88,2021-07-26,15933
2019-07-07,255,71906,3480,77302,224312,68,2263.66,7566.2,2019-04-30,11356
2019-11-23,756,27686,2438,68792,4444,13,2125.25,42454.69,2019-05-07,14627
2019-02-24,434,68644,3009,8848,10094,55,9004.44,3907.17,2021-09-18,15409
2019-04-09,114,21509,2960,6310,109525,62,3263.91,37843.13,2022-01-17,8491
2019-07-08,237,17977,6651,6001,25522,90,3534.34,37169.46,2022-01-12,5877
2019-10-31,837,1330,3053,39305,89937,83,6607.59,18968.33,2020-08-18,12488
2019-02-23,871,44876,4375,56931,101704,53,8817.68,21897.32,2019-10-01,11718
2019-03-18,623,11355,165,678,223350,36,3577.81,28890.71,2019-12-07,15981
2019-12-12,1113,48749,9081,53304,370032,62,309.66,15379.15,2020-02-21,11346
2019-12-25,1185,34763,2532,47156,373464,24,3102.41,35608.72,2020-11-16,14384
2019-07-25,254,57073,8585,45465,291721,6,2219.73,2991.92,2020-04-03,19926
2019-02-16,430,54000,7353,242,37489,63,9700.4,25810.65,2020-11-04,579
2019-02-11,209,17177,1521,25604,375029,18,3246.17,10057.16,2021-01-24,462
2019-08-01,1023,70805,8814,17357,251870,16,5410.91,6909.74,2020-10-11,17871
2019-05-09,623,52994,7691,18712,159367,78,6260.52,33213.88,2021-02-16,7709
2019-11-17,108,16460,2766,76930,9247,61,5834.78,6689.44,2021-11-11,13002
2019-08-09,36,37623,4725,2677,370430,27,9784.62,27405.48,2021-08-17,7038
2019-04-29,640,6480,5830,96140,191748,8,5687.51,29054.78,2020-11-22,16884
2019-10-16,239,57055,2366,46055,315832,68,2563.34,25366.88,2020-11-01,18475
2019-06-08,1113,60640,305,42798,264513,11,5328.86,27442.01,2021-09-08,13751
2019-02-03,341,44679,3338,94621,222947,48,1581.78,43329.26,2021-02-13,837
2019-01-16,793,27275,5322,11969,100497,77,7965.72,12798.06,2020-03-20,6721
2019-06-03,1080,44914,8460,50664,3001,3,7816.7,8572.42,2021-03-06,4355
2019-06-23,188,32271,364,34665,190477,34,2929.99,7322.9,2021-06-12,8880
2019-04-22,266,16488,6362,23458,301941,93,2034.94,32431.09,2021-01-25,18671
2019-09-04,1026,74970,4298,76942,66538,68,5802.82,19740.99,2020-05-05,2060
2019-06-22,345,20955,902,28653,329115,17,2139.73,49794.43,2019-06-15,4409
2019-08-15,233,52195,6129,75381,383098,55,848.77,38404.56,2021-02-01,17547
2019-03-03,917,51064,9452,3780,255778,12,8805.83,24619.04,2021-01-25,12188
2019-05-26,516,68902,2502,70379,182429,42,337.9,47048.27,2020-07-14,4446
2019-10-30,967,27234,6395,88617,36372,39,3977.32,7514.76,2019-09-27,3730
2019-12-01,725,1945,8930,80839,15944,61,7882.02,28806.97,2019-07-16,2677
2019-06-24,608,11697,1655,4877,183830,78,462.94,48668.93,2020-11-08,4705
2020-01-03,774,22180,6880,71025,95213,12,4264.87,33100.26,2019-06-26,6822
2019-09-03,371,55900,2798,5875,99047,17,7035.11,27431.62,2019-07-24,3364
2019-03-31,129,56595,574,1857,374851,38,2944.77,26822.44,2022-01-03,9388
2019-07-25,671,43023,7444,7143,309058,37,7308.39,30557.67,2021-12-13,16216
2019-07-22,914,60991,730,9167,272123,85,2803.59,18496.02,2021-11-06,572
2019-04-22,378,6596,6193,72979,93064,100,9881.86,29398.52,2020-03-14,6689
2019-12-06,678,69062,2811,70780,21617,24,7197.82,27983.33,2019-11-30,5577
2019-08-02,768,69378,3174,57295,327618,91,8605.73,6534.64,2021-07-10,862
2019-04-04,1049,51272,281,28032,288723,36,2736.83,32619.46,2021-07-13,5994
2019-03-02,472,13440,9655,36820,228163,41,2004.23,34668.83,2021-05-12,19965
2020-01-06,882,70808,8384,77204,389513,41,4522.06,9019.19,2020-05-18,14353
2019-10-06,1019,29406,2133,9622,75599,91,4485.92,30002.12,2020-10-16,4021
2019-03-17,1159,6255,6568,38845,78197,66,3921.26,11429.68,2020-01-29,4225
2019-05-20,800,28663,256,85682,165908,10,7172.71,5259.25,2020-10-22,1328
2019-09-07,1166,36065,307,27818,110787,24,3550.06,25757.32,2020-04-22,13164
2019-10-15,402,64845,7332,61634,78727,46,3064.62,22752.22,2021-06-27,14407
2019-01-18,7,38787,8540,73791,211736,98,7629.31,32071.0,2021-10-19,10001
2019-09-19,958,58416,17,45479,109753,73,3683.65,34288.77,2020-01-01,14448
2019-09-04,183,4473,2148,99730,354160,96,8954.08,11649.26,2021-04-17,1113
2019-02-12,1022,13954,5297,29122,39516,75,8739.24,26774.11,2019-06-17,14639
2019-12-21,641,40379,6626,33363,43297,5,6807.46,4944.28,2021-11-07,19115
2019-05-01,860,3618,9009,11088,305578,33,1793.7,39553.28,2020-06-19,15128
2019-03-06,1050,71356,5541,7788,123018,60,1711.61,23577.84,2020-09-06,16090
2019-05-31,795,69112,3565,60877,342047,46,4611.37,46851.08,2022-01-27,11056
2019-04-12,904,12691,3952,74611,360968,24,4016.73,48891.33,2020-08-09,13777
2019-11-01,1066,57598,946,65731,255345,50,6611.74,14004.44,2021-04-26,2884
2019-01-24,557,49968,6753,77348,277801,65,7911.8,1766.35,2019-09-24,12074
2019-06-26,539,40305,8790,29762,270544,17,7531.89,21116.37,2021-07-14,2694
2019-07-24,129,17130,5716,83639,172773,98,2720.51,8079.68,2019-10-01,16028
2019-01-27,943,1701,8990,19392,338620,64,426.34,77.17,2019-08-11,9145
2019-02-27,842,36113,4856,28980,367653,8,7550.81,38371.0,2021-04-13,12788
2019-07-19,186,35277,3645,63568,374814,72,7409.25,27261.31,2020-11-06,5199
2019-02-20,851,26361,5928,44697,364354,81,7985.56,33975.07,2019-05-07,17178
2019-06-24,238,39302,91,40910,160830,92,240.52,29706.44,2022-01-25,8667
2019-04-21,1172,37122,4517,90693,235555,36,3342.41,46807.83,2019-03-17,5525
2019-02-10,658,64875,5415,67146,62699,66,8513.74,33810.17,2020-07-13,5942
2019-10-13,428,45967,1461,10921,373270,12,6821.01,8989.4,2019-12-06,13306
2019-01-24,1130,42547,4792,91567,221141,77,5474.58,1852.73,2020-01-02,8527
2019-08-21,727,14405,5374,27770,62883,65,9420.75,11810.23,2019-05-20,14667
2019-07-21,182,29541,7731,26731,332151,31,4393.29,36912.88,2019-12-26,9803
2019-05-13,835,13806,3511,34381,117578,15,9406.09,11660.08,2021-10-11,14256
2019-12-27,682,24174,890,2074,251885,92,7983.53,24721.25,2021-06-21,17180
2019-06-22,702,25980,2103,94035,178572,74,4728.23,24116.21,2019-05-10,15890
2019-05-04,626,30599,4854,77932,316678,63,1106.85,48165.87,2021-03-05,12267
2019-11-13,62,12199,7574,46867,29479,55,5009.13,4441.07,2020-08-30,10161
2019-10-25,515,36409,2577,27605,136304,54,4175.01,33515.05,2020-02-14,3759
2019-01-26,706,6895,887,45966,381865,97,7755.76,35882.46,2021-07-20,12705
2019-07-17,1086,73321,5593,62351,143859,37,6199.95,26444.3,2021-08-02,17946
2019-06-18,445,35438,873,66068,156176,46,44.48,39418.41,2019-05-17,1091
2019-06-09,594,74807,3518,18504,384725,98,5656.42,49771.32,2020-06-26,2752
2019-10-11,175,19450,8646,19506,186311,86,122.99,49682.33,2019-09-18,8592
2019-06-25,1169,20847,7741,58699,278663,32,73.9,19229.11,2020-06-05,10456
2019-05-17,656,61727,6407,61817,106125,5,2057.32,35914.14,2019-06-27,1103
2019-12-07,705,19721,5101,87866,314458,82,3951.63,36016.78,2019-10-14,1150
2019-09-07,394,57874,6778,5972,271382,54,4990.41,33328.89,2021-10-16,20000
2019-05-27,251,17638,5161,98768,190966,9,1319.63,27870.37,2019-04-05,9672
2019-11-30,1108,63393,6329,30903,185257,37,5643.14,406.18,2020-01-08,16524
2019-05-31,602,32712,2741,24555,342147,94,3418.16,24302.36,2020-07-17,12911
2019-12-04,2,9495,6261,34713,121990,61,337.87,40662.44,2020-01-17,4438
2019-08-16,167,43835,6316,24149,93206,79,5862.75,43699.64,2019-02-12,1821
2019-06-12,892,65100,8689,52378,171140,56,2633.14,39623.95,2021-11-17,5319
2019-02-22,38,33216,6142,36916,12246,61,3846.91,43665.17,2020-04-04,13643
2019-02-21,701,14648,3113,98099,274296,93,9811.6,45976.21,2019-05-29,4857
2019-05-23,108,58583,7455,92803,9231,84,7310.29,18831.49,2020-01-05,13690
2019-04-27,536,31184,4265,43669,88215,89,5289.44,38582.5,2019-03-12,8305
2019-04-13,780,17107,5505,53299,361312,76,8461.11,25525.92,2019-10-05,269
2019-05-22,112,36150,2885,33065,12244,21,5432.31,49481.19,2021-09-23,6577
2019-08-14,470,15104,7254,63295,82739,38,6574.64,23756.35,2020-03-31,4038
2019-05-19,623,16666,843,45015,197284,45,7183.5,49594.78,2020-03-01,7153
2019-07-04,655,49040,292,55751,285998,43,5274.54,41527.48,2019-07-10,977
2019-09-06,601,73933,2960,17095,282445,65,8414.15,28824.8,2021-08-25,481
2019-02-10,1152,47275,7570,84860,15838,2,8536.27,33101.33,2019-05-08,19162
2019-03-14,521,35799,1718,22801,236039,62,6921.85,29495.35,2019-08-04,5341
2019-05-23,861,12241,399,58760,318777,65,1131.42,4726.37,2021-10-19,3947
2019-05-12,636,12321,5717,80821,249540,93,9152.73,15234.13,2021-06-27,9169
2019-07-19,618,31779,9445,20040,199987,36,2300.83,13794.39,2019-07-14,15634
2019-03-25,858,65889,4930,82046,262885,82,78.29,46218.71,2021-07-23,7293
2019-02-13,353,71382,2369,38561,359461,21,7734.76,17219.77,2019-10-23,13431
2019-01-27,477,19938,4933,261,279657,88,7446.26,4964.34,2021-05-20,3019
2019-06-10,974,47523,6243,95698,283053,97,6524.54,38035.08,2021-11-12,8533
2019-08-26,720,22762,853,15431,272704,86,6389.22,48260.53,2021-03-01,17906
2019-07-20,282,33736,9066,85837,188155,39,4943.11,7980.1,2019-03-10,14078
2019-08-06,99,67935,428,79330,274796,20,2481.73,42929.53,2020-04-30,2943
2019-06-11,1151,9619,5263,68514,213021,48,6964.33,46944.6,2019-07-08,12640
2019-08-30,5,41280,97,1767,181102,79,6729.78,48746.15,2019-03-19,16494
2019-02-11,349,11151,253,48661,154339,24,8043.44,26227.04,2019-12-10,17604
2019-04-01,3,39574,7619,93422,351245,55,3489.17,1946.74,2021-07-20,8968
2019-02-12,1005,23399,1834,22799,32334,1,8108.03,24719.55,2021-04-01,3902
2019-10-18,289,60037,1617,88468,76070,6,7996.23,7193.41,2021-01-19,9863
2019-08-19,232,2220,2220,35233,199284,50,4792.25,20062.26,2020-02-17,4760
2019-11-27,54,56159,9834,36114,251413,66,9536.8,21921.15,2021-03-28,15434
2019-02-19,19,14188,4877,43854,255923,97,2842.26,2426.02,2021-02-27,9352
2019-03-17,125,61285,4527,12284,163912,71,6113.38,1234.88,2019-07-14,1503
2019-09-26,827,39336,3919,40052,370208,96,9451.74,6186.23,2020-01-30,17482
2019-07-28,1170,6612,6149,59519,119105,62,2454.95,41573.36,2019-05-10,5864
2019-11-17,1170,47966,7096,34688,300715,24,1863.61,42068.6,2020-08-05,4172
2019-08-20,214,67623,2545,93118,162155,65,3438.46,38073.43,2021-04-22,14212
2019-10-11,211,51891,5885,22273,320998,13,2764.08,29032.35,2022-01-13,13385
2019-06-01,59,6296,1366,31571,303262,25,5735.42,5506.11,2019-07-16,18192
2019-09-01,870,32881,9677,11823,176691,13,2050.93,31967.71,2019-05-12,11032
2019-01-12,1151,63026,2203,83912,70218,69,4786.19,49110.53,2020-08-06,6814
2019-02-02,29,14269,6074,14083,16267,90,8815.41,23254.57,2020-06-15,2097
2019-10-21,640,74800,7765,95875,351532,71,5428.18,1734.02,2021-11-18,16109
2019-10-16,636,6635,36,41722,103019,21,8523.17,36841.26,2019-04-29,10403
2019-08-28,380,55760,1200,17136,146890,45,2869.42,49206.24,2021-08-29,2744
2019-10-29,869,57495,8964,59120,228552,71,2700.04,14704.07,2019-10-03,3859
2019-06-23,1108,6861,8424,12511,317933,48,446.66,36086.82,2020-01-26,6158
2019-07-23,484,38483,1375,14787,163383,44,3493.7,12439.14,2020-07-17,7613
2019-02-22,874,67062,4354,1201,183041,36,2277.27,42386.01,2020-03-25,13211
2019-07-09,890,30634,3924,8234,55257,84,6472.7,40631.13,2020-05-19,6611
2019-11-26,747,16989,6436,23864,92147,33,9920.56,12962.43,2021-04-12,18842
2019-07-04,74,14277,7196,16500,110009,61,2603.58,25484.98,2020-03-28,6937
2019-07-07,890,48564,878,65673,273133,10,3697.87,19388.6,2020-06-05,15479
2019-02-07,26,59943,1789,31591,15481,100,1679.45,19500.38,2021-10-07,6833
2019-04-09,263,50855,9940,50346,120665,40,9701.59,47450.6,2020-12-14,16715
2019-12-09,681,52777,2595,77337,353909,66,4156.26,21731.73,2019-08-27,776
2019-11-30,412,53915,3480,64636,141833,14,329.55,15740.59,2021-09-21,2231
2019-07-25,97,49520,1583,53251,225807,72,314.48,25949.85,2020-02-26,14430
2019-03-11,474,40300,5769,29804,319605,32,3245.88,48835.12,2020-02-01,5726
2019-02-24,1083,46830,8126,43622,14327,52,143.68,36341.6,2021-02-05,18620
2019-11-13,79,48852,9717,12798,149674,34,8561.44,43812.46,2020-01-08,2984
2019-09-21,351,14119,861,13807,113886,100,8433.01,38240.43,2021-02-10,2890
2019-11-17,1089,59568,1549,5803,325118,89,8954.45,15269.06,2021-05-30,9339
2019-02-02,1150,52452,109,82507,69558,40,8949.34,15563.83,2020-05-28,5531
2019-08-11,1148,8462,9068,83540,20938,3,3461.56,14994.72,2022-02-03,14254
2019-01-20,1103,52335,2776,3241,56058,41,545.63,5629.04,2021-10-04,3578
2019-02-17,552,55614,5486,95985,365967,43,7800.11,13972.09,2019-09-09,14898
2019-02-16,381,60266,174,86938,100703,91,23.19,16991.61,2021-11-29,6493
2019-03-13,678,41211,2522,83022,299447,10,7066.39,33335.89,2019-02-22,9464
2019-06-26,673,2730,5410,28678,101790,51,527.69,18174.29,2022-02-02,14774
2019-04-26,514,64064,914,61738,305968,85,5148.84,43228.73,2019-04-17,10654
2019-02-12,154,25349,2074,35269,143998,41,1837.6,31902.72,2021-04-22,13282
2019-04-22,1,68766,463,69133,334946,72,6390.34,1789.9,2021-11-11,14955
2019-02-01,441,45278,6982,71471,57457,10,9718.65,2224.07,2020-08-16,11786
2019-08-16,470,57578,5698,29997,94624,61,4524.69,2605.22,2019-03-28,1331
2019-09-17,550,65339,7603,63269,9556,77,7665.09,10017.64,2021-03-11,19405
2019-08-15,969,5115,8194,97548,251443,96,2572.02,9924.83,2021-01-11,19453
2019-04-21,314,37519,8764,58170,114524,27,1095.61,12247.07,2021-03-04,11735
2019-02-21,587,74865,4588,29308,378298,20,6365.31,14604.57,2019-12-26,6790
2019-12-18,554,55200,5040,30496,186832,92,1405.01,26600.93,2021-12-10,8535
2019-10-01,1046,8380,2100,5727,329023,91,5185.21,37121.98,2019-04-19,310
2019-11-01,288,58773,1579,41038,114427,30,1551.41,45308.32,2020-11-25,1257
2019-04-12,557,28411,447,76763,302237,99,5039.0,44827.05,2020-04-01,17048
2019-03-10,990,55336,9137,54492,305748,53,6753.14,36804.37,2020-08-04,3224
2019-09-10,682,45434,3240,14457,140708,54,768.2,35975.93,2022-01-31,5082
2019-09-18,703,25761,9882,13383,389685,51,8457.07,14362.04,2021-11-01,1923
2019-07-11,357,38425,2818,31477,31951,36,5061.06,17158.48,2019-06-30,9248
2019-06-10,991,67427,6565,59687,273517,13,9508.18,44449.34,2021-03-02,2052
2019-11-11,64,45280,1599,53620,153559,12,7451.86,45540.69,2019-07-13,14866
2019-07-11,388,68268,7739,79655,227898,44,9484.26,32594.34,2021-10-19,14756
2019-07-24,918,70034,8495,7641,81693,7,2521.31,3209.28,2020-11-20,13255
2019-02-03,1108,2003,1990,36456,372630,36,2039.11,4979.7,2019-07-14,7525
2019-05-19,730,10017,5689,1120,100568,2,8771.6,7757.15,2021-06-13,14923
2019-07-28,914,53040,2148,34256,236785,37,785.7,17266.75,2021-10-13,10591
2019-05-09,112,54733,5176,28461,359144,25,4251.88,12759.7,2021-07-30,3130
2019-05-05,936,3223,1800,52859,26026,91,5912.58,19720.59,2020-05-06,9558
2019-09-14,421,74241,2632,6583,81899,42,8678.26,39249.77,2020-12-04,9929
2019-05-14,1187,42557,2416,74429,387042,17,3931.16,30454.57,2021-02-26,8087
2019-10-03,802,41020,2680,55745,268766,31,4670.82,28973.64,2019-03-08,10883
2019-07-09,165,36287,2852,40329,182416,7,4785.98,16152.48,2021-01-04,1781
2019-03-08,1080,56491,3289,88236,338434,87,4678.47,6482.04,2020-02-15,17851
2019-04-04,147,14008,5385,37634,289293,65,4651.83,27171.25,2021-06-21,6436
2019-10-05,479,64713,3450,53737,293664,34,8008.66,31453.53,2020-07-31,871
2019-08-21,158,65010,5223,22672,193074,51,7931.9,22287.62,2021-04-17,11838
2019-11-05,265,30388,3725,71432,269185,46,7690.62,2781.71,2021-01-28,7940
2019-11-23,773,63693,5687,39264,73139,83,2646.52,23239.13,2019-06-04,10371
2019-09-23,160,8434,6307,87701,351124,40,3820.91,26829.31,2020-08-11,18389
2019-09-27,62,15891,2308,18395,264392,27,3143.77,3152.3,2020-02-07,1336
2019-12-27,44,35398,393,95143,388412,78,6301.76,834.1,2020-08-31,4305
2019-06-28,224,59909,2555,99768,359360,82,5853.62,11513.21,2020-08-02,8137
2019-01-14,995,40248,9981,9120,65161,66,2028.62,26307.4,2020-07-16,14423
2019-05-22,1193,32059,7926,81097,118219,23,2745.97,43355.6,2021-05-21,1108
2019-11-23,98,3040,1793,19229,28,12,5676.97,47985.24,2021-03-10,17679
2019-05-17,358,51455,5748,230,166467,23,1644.98,14792.44,2020-11-06,4994
2019-10-15,233,53903,4792,5174,238870,30,7516.22,7755.96,2020-02-25,19608
2019-05-17,297,5330,1962,78012,72745,93,8023.83,11311.43,2021-08-28,6352
2019-12-24,1014,28245,4725,6628,357834,48,6407.32,22145.2,2020-04-20,2026
2019-01-09,989,63194,7761,13751,285765,24,5743.52,13910.1,2020-06-05,17771
2019-06-08,1178,63579,150,22185,290670,91,6948.03,43228.15,2019-08-25,10445
2019-11-12,39,21141,6200,77434,264206,33,290.45,39270.23,2021-02-20,15075
2019-04-21,684,68725,9077,70297,279353,100,1730.67,24165.38,2021-03-21,17369
2019-01-09,1200,28699,3384,86005,221629,52,807.13,49177.98,2019-08-06,12263
2019-11-10,695,33366,8727,59020,169380,75,6778.02,45811.29,2021-04-11,8966
2019-12-15,937,69251,9567,94353,173433,19,1237.99,47688.37,2021-04-19,11044
2019-08-14,523,28330,3185,1636,129642,22,2265.24,14607.55,2020-07-11,6911
2019-11-22,649,31652,8777,2457,12609,97,7931.16,9659.39,2019-05-26,9097
2019-09-03,82,25611,2780,16364,277086,62,8720.72,47007.16,2021-08-05,12346
2019-10-17,52,54789,1382,98594,335321,27,8943.88,34281.85,2020-08-21,10255
2019-10-17,607,16024,1512,16830,337481,74,2767.23,33811.99,2019-05-01,11190
2019-05-19,116,63557,5930,63703,359010,99,6618.69,5834.49,2020-04-16,2875
2019-07-16,185,53661,8167,1247,129366,35,4762.25,7796.33,2020-10-02,10314
2019-01-28,1055,72211,1413,18276,368532,18,5417.16,25949.29,2020-05-16,14837
2019-03-22,350,49513,5744,22320,61029,28,4779.61,17894.1,2020-08-25,7602
2019-09-21,83,68409,8762,93994,195584,87,7064.48,12053.87,2019-03-17,15545
2019-06-06,960,58519,4798,70406,277296,6,4575.64,17639.17,2021-11-19,1123
2019-04-23,728,21037,5737,44839,358570,19,2668.1,25074.91,2021-10-12,4104
2019-03-20,753,64351,4881,69216,251299,73,6638.54,10482.83,2019-07-30,8476
2019-08-24,639,70875,3454,37548,3081,94,4720.58,27196.36,2019-07-22,2787
2019-04-17,549,16555,1727,94540,283074,92,2138.05,37475.28,2020-05-26,1612
2019-09-30,278,44850,668,86020,264926,39,5381.09,2180.43,2021-02-15,17272
2019-10-15,667,21552,174,32424,44999,48,3413.25,9040.44,2019-03-13,14220
2019-12-05,872,33987,122,26331,270099,81,197.32,13372.85,2021-05-23,13742
2020-01-05,1158,23697,2934,55951,152704,79,3321.08,46239.27,2022-02-03,11338
2019-09-23,998,8623,6047,74656,200928,5,9898.66,30892.7,2019-03-29,5203
2019-01-15,545,29604,2078,17316,225308,52,9271.5,48424.8,2021-01-18,3469
2019-12-17,401,32972,5054,78169,355090,38,8753.4,9105.69,2020-08-06,8392
2019-08-14,680,6980,8240,57980,124429,23,3921.82,36187.37,2021-05-13,756
2019-08-14,145,12390,9039,18385,77686,93,1024.8,29290.29,2021-01-24,9670
2019-10-22,698,28871,4878,50814,52501,92,5787.4,37931.1,2020-04-29,12827
2019-11-01,170,21675,5382,52375,41606,72,6319.74,1865.95,2019-02-26,11693
2019-10-06,1175,23631,2051,84710,120864,37,1428.57,31491.58,2019-03-05,1953
2019-06-09,1008,64003,7477,24160,270432,94,3559.5,24409.86,2019-10-05,1039
2019-04-02,532,20300,1673,63547,43482,10,8453.26,48400.84,2019-08-27,10197
2019-11-26,440,65576,6215,4577,194276,27,6773.58,1920.7,2021-04-01,4327
2019-04-24,337,33946,1053,89205,47230,66,1103.94,47926.72,2021-10-12,11242
2019-01-25,319,64767,2564,12114,138054,67,4462.32,44337.44,2022-01-25,4541
2019-08-14,697,49782,6717,73204,157312,8,8112.54,27794.23,2020-11-04,8447
2019-07-25,1174,69000,9477,86897,305323,89,9292.51,24268.04,2019-10-02,15247
2019-06-17,1167,14409,8044,80022,344349,48,6410.47,46692.02,2019-11-14,9720
2019-02-03,894,37820,5930,78498,202273,57,4007.22,2658.83,2019-11-13,6002
2019-02-24,674,10235,5563,90149,206668,41,3576.64,21440.65,2020-10-29,2257
2019-07-20,837,23597,5985,80579,261773,56,4981.16,9018.7,2020-02-09,8312
2019-02-08,650,3650,1367,40592,303383,11,4609.23,17533.74,2019-12-04,4905
2019-04-16,847,7796,9221,92093,207891,94,9197.18,47968.28,2019-04-03,17034
2019-08-11,191,8551,8418,45135,200623,68,6159.16,48747.5,2020-10-24,19534
2019-07-29,231,14065,567,67726,230498,43,3588.57,5931.02,2020-02-10,11239
2020-01-02,381,34269,6465,98525,322929,45,5744.45,13311.98,2022-01-17,17165
2019-11-14,553,6376,1790,21463,53917,33,5826.97,14932.54,2019-10-20,18020
2019-07-19,478,51296,6589,52907,205379,80,3259.25,10540.74,2019-02-25,12209
2019-11-29,833,38650,2786,12540,23939,10,2366.58,49273.43,2019-05-22,8990
2019-07-29,1033,4283,8990,30622,240861,80,8813.99,34908.18,2019-10-22,16642
2019-11-22,466,16610,803,59682,218831,84,7579.02,6545.02,2021-08-20,1943
2019-03-07,34,3405,6458,68073,12678,21,4253.37,13042.47,2021-03-29,7931
2019-03-06,340,41594,4992,80591,381926,70,3580.84,9131.68,2020-02-04,7283
2019-08-27,961,26048,9041,88285,352048,79,9817.76,37996.79,2019-03-20,14291
2019-10-26,981,37260,2901,76368,12013,43,6615.83,26418.58,2021-07-15,13591
2019-05-26,515,63659,8472,38796,181784,24,7627.35,31228.07,2021-07-07,11360
2019-08-30,20,2860,7660,78722,62770,94,1138.26,25375.42,2021-02-18,17031
2019-06-23,193,8991,8471,72240,243893,86,9014.96,27356.17,2019-11-13,14580
2019-06-25,1117,51687,8085,99476,33421,84,3759.87,42603.95,2020-11-15,13134
2019-04-20,42,72009,613,39584,285323,82,3442.7,7291.52,2021-02-06,2492
2019-05-08,500,16868,9318,83751,92291,89,6308.75,865.82,2019-09-12,8721
2019-05-30,335,6295,8597,1679,96086,51,3154.85,16730.06,2021-07-29,14328
2019-02-02,726,66777,9706,50924,1132,82,3400.64,24032.96,2021-08-03,1267
2019-06-09,306,40337,9892,73471,237966,41,9040.62,24594.98,2020-08-22,13435
2019-01-25,514,20085,2318,52930,176457,30,7463.82,20097.96,2020-06-13,19725
2019-05-25,432,34966,5473,2945,127148,16,2120.63,45476.54,2020-12-15,17044
2019-12-26,611,13715,2189,8192,88247,87,6950.19,15547.09,2019-06-22,15687
2019-10-01,172,24499,4255,29093,314797,92,7391.95,41631.71,2021-11-30,1772
2019-03-23,918,19058,4442,83786,231416,53,3380.63,23371.96,2020-07-23,9767
2019-10-04,475,48310,4959,47171,373514,82,746.85,9395.59,2019-04-30,7281
2019-04-02,941,67275,5353,89701,170628,6,9557.36,10968.15,2020-05-13,10903
2019-08-16,950,2847,339,13985,365786,24,8237.23,3392.99,2021-09-15,3923
2019-04-25,1032,1997,1726,58241,215872,97,5555.15,2255.28,2021-03-02,16012
2020-01-01,947,45115,82,8772,118513,14,9008.09,7763.37,2020-08-18,9186
2019-04-17,127,32521,7769,32030,40535,38,7572.03,28159.62,2020-03-22,18657
2019-02-24,779,9534,6928,35271,240425,98,1789.42,1686.58,2020-08-09,11789
2020-01-02,1194,37484,845,1061,89874,25,9254.16,41510.04,2019-06-14,10013
2019-08-18,117,38584,7463,72536,372513,84,7173.03,10408.75,2021-09-15,18141
2019-05-19,220,51186,6751,25143,99061,41,4592.69,33230.43,2021-02-05,16119
2019-09-19,489,69962,890,557,223761,63,1263.28,6757.63,2021-04-24,3293
2019-03-29,689,25498,6533,99512,54014,46,9083.68,18643.21,2021-11-18,6973
2019-10-19,600,36165,4733,25522,44809,25,9615.85,26506.53,2019-04-02,7473
2019-08-27,97,10775,8909,53593,336974,36,4780.53,11523.65,2019-09-06,3433
2019-06-01,821,46608,9415,10627,61024,2,6113.57,22072.31,2019-12-12,19053
2019-03-24,778,68700,7089,63018,221313,9,4798.65,22915.32,2019-09-21,8802
2019-08-28,180,29262,9610,22502,58236,74,1753.72,44541.44,2019-11-10,16613
2019-11-12,69,65471,5735,75973,148213,65,5335.62,23903.76,2019-06-12,8793
2019-04-26,923,11165,8559,54244,33868,73,431.96,11474.49,2022-02-01,2994
2019-09-21,772,50507,3272,52334,366171,2,2012.88,34321.08,2020-08-08,12159
2019-02-26,303,24866,9331,34083,98206,88,2480.83,8545.2,2021-11-13,19277
2019-02-18,750,33503,6581,97449,227500,15,4782.11,32444.18,2019-12-19,4080
2019-10-29,29,52004,6533,36286,338342,24,1261.62,8652.81,2019-11-03,18695
2019-12-01,1166,2367,5515,45125,328809,100,8217.44,47604.17,2019-03-05,16273
2019-04-13,256,39932,8411,85019,145321,4,5095.58,29132.58,2020-02-16,16195
2019-09-04,492,72372,4353,35546,334811,25,2843.32,3659.24,2019-09-05,2063
2019-01-13,1106,31280,6746,45358,29315,65,5086.83,41033.98,2019-07-15,9932
2019-03-22,368,27971,1232,40204,148677,20,1099.21,33162.31,2020-04-28,13319
2019-08-25,609,34998,6411,21224,121397,29,3626.46,27371.67,2021-03-26,6168
2019-02-15,329,74475,409,83383,386603,30,9470.6,44394.85,2021-02-10,6678
2019-12-10,535,43359,8074,61863,67726,55,5198.56,15784.84,2020-04-08,18161
2019-04-27,144,49223,3604,72294,173114,56,984.42,28039.28,2021-02-19,9029
2019-05-01,443,6318,2174,47542,120084,79,8772.28,32563.0,2019-08-01,16840
2019-02-15,501,67110,7360,20242,186204,13,5585.64,31439.04,2019-07-27,17301
2019-08-16,362,72623,8011,99316,182928,30,780.5,17992.85,2020-01-15,8730
2019-05-18,128,14549,6857,64610,197696,81,5486.99,39250.46,2021-06-15,4637
2019-10-19,884,68181,6475,66335,149287,75,3741.4,33073.44,2020-01-08,11105
2019-07-14,1036,32330,9413,26215,365093,79,8312.53,32687.36,2020-04-20,1427
2019-12-26,710,9418,7061,3584,199548,91,1958.52,6990.7,2019-12-31,19301
2019-03-16,488,72154,7517,25957,83401,47,684.94,22999.6,2019-10-03,18798
2019-11-12,49,36399,5124,14073,257437,3,6907.8,544.39,2021-04-13,9642
2019-05-10,774,49953,7271,6524,370382,14,4706.01,33904.96,2019-04-13,4367
2019-01-12,27,43333,3664,93875,172492,30,8512.79,22775.93,2019-09-08,5217
2019-06-25,819,46422,8513,63508,249611,80,3100.07,31318.07,2021-01-26,16249
2019-10-26,431,53658,9387,28798,40716,54,3430.64,301.56,2019-03-30,12244
2019-06-30,338,8930,4991,23395,370029,7,7517.75,18812.71,2021-07-30,17847
2019-02-22,464,7889,3405,88201,107126,67,3465.97,28690.23,2019-09-08,5283
2020-01-08,720,57062,1412,59456,75356,16,9468.96,17402.84,2019-02-24,19763
2019-03-24,1088,10488,3730,590,172610,70,2866.91,2755.9,2021-08-19,10277
2019-03-12,626,37380,1602,76149,106567,17,8824.78,8389.42,2019-03-15,2531
2019-01-12,825,10771,3726,44221,51616,97,8918.66,13713.25,2022-01-19,17412
2019-07-16,931,18137,3945,85092,110766,81,3931.17,25305.96,2021-12-19,13953
2019-09-04,367,25501,5224,98845,207039,7,9321.94,4781.61,2021-03-08,14218
2020-01-06,688,73880,7609,92557,105075,91,6036.48,1603.08,2020-06-15,352
2019-07-10,836,14297,8017,15603,313095,21,8767.24,37195.49,2019-07-10,15115
2019-11-19,524,68876,6056,85795,160994,75,1174.12,20416.08,2020-04-15,14481
2019-05-26,381,29152,4767,5339,225095,49,214.68,33405.54,2020-10-20,1765
2019-07-19,69,71605,8648,61488,24412,39,8443.25,11537.82,2019-04-28,4069
2019-10-29,467,29859,828,55149,168996,39,5020.13,35690.93,2019-12-31,18280
2019-05-10,129,3963,8325,10348,368314,17,8496.56,44267.69,2021-07-23,10195
2019-07-12,547,34520,5552,44811,338148,10,3029.95,12649.47,2021-11-27,8999
2019-01-22,193,6808,621,73435,253210,49,7521.07,20546.96,2021-10-25,12325
2019-11-14,999,17477,2637,16632,182656,25,3376.19,2775.08,2020-02-24,13652
2019-02-16,1067,4625,9651,80879,233128,83,7736.18,12572.54,2021-11-20,18804
2019-03-26,833,37388,3469,61639,347856,49,79.01,44946.88,2022-01-23,17943
2019-03-24,513,38978,2432,97755,44332,17,2023.13,33703.53,2020-02-25,5250
2019-12-29,490,16843,6390,34653,337943,23,4468.63,5598.07,2020-05-26,6095
2019-01-28,727,28148,199,73040,56161,60,7571.71,21499.22,2020-11-08,1930
2019-04-24,155,59642,2974,39365,125202,55,6653.91,27231.62,2021-05-03,15912
2019-11-15,988,15484,9563,40386,144818,90,3566.79,15327.76,2021-01-25,9156
2019-11-30,610,60212,5574,31230,352762,67,9203.34,11360.01,2021-03-28,6300
2019-06-06,212,67875,6371,85237,31594,19,5032.28,37372.76,2020-04-30,1632
2019-03-30,896,25690,7333,55971,79742,16,1802.41,29029.12,2021-11-04,2860
2019-02-20,394,13260,7115,17686,43407,13,5427.4,23113.72,2019-12-21,1787
2019-11-05,335,25976,4133,66380,127035,49,833.22,37846.96,2021-02-15,10075
2019-03-15,874,17548,1565,96736,96554,45,2091.53,46433.37,2020-02-21,181
2019-10-24,405,71692,8462,65304,246538,96,1579.98,48676.51,2020-05-07,8320
2019-01-09,1059,2185,2109,71859,102985,5,6005.91,41659.05,2021-08-12,15824
2019-01-18,280,50054,7328,11553,95400,55,8925.51,36631.96,2022-01-02,17722
2019-01-22,1162,2787,4564,63191,381972,53,7866.1,14005.06,2021-06-11,8208
2019-05-02,844,30715,925,99498,54791,98,6569.32,18336.83,2019-11-09,13610
2019-09-30,444,44519,1936,83399,42291,71,5416.85,16265.41,2019-11-09,18772
2019-06-03,285,9832,5628,18826,90629,21,6640.61,3051.97,2021-08-16,1227
2019-05-27,949,55874,3319,8982,176101,87,255.98,28205.3,2019-04-03,18442
2019-12-06,598,10389,508,47565,341607,36,2704.7,43573.48,2020-07-24,15108
2019-10-23,32,17379,311,73885,305000,15,9326.68,49208.44,2020-05-21,4636
2019-12-31,928,73031,5708,75750,282457,33,3822.82,22584.77,2021-10-01,19780
2019-11-05,253,55706,9469,92888,333077,82,4573.81,6697.67,2019-05-13,2046
2019-12-06,7,29462,9798,86422,141466,21,2072.1,14469.84,2021-03-15,15950
2019-08-30,541,59346,6276,49135,130994,8,3766.92,47531.71,2019-08-29,17353
2019-08-21,471,2532,2865,26937,260341,15,3204.53,24601.97,2022-02-02,13253
2019-04-11,105,44209,5462,19483,315408,98,9387.27,46037.48,2019-07-07,9704
2019-02-20,745,50887,9340,30452,389054,31,597.96,39332.27,2021-02-07,1702
2019-09-13,262,37859,1876,22800,387185,50,202.3,5643.75,2019-12-13,372
2019-12-06,502,34754,4237,29563,144341,53,3327.4,30895.64,2020-06-07,6797
2019-04-04,520,9312,389,86791,186344,60,1372.27,20035.34,2019-05-20,17220
2019-09-08,165,7911,5550,27000,131554,15,3366.33,41727.82,2020-03-14,10561
2019-06-02,221,1188,7482,7179,315101,23,5191.28,7821.55,2019-12-31,6990
2019-01-29,468,6286,7406,56284,46507,96,5215.84,28573.59,2019-09-12,9221
2019-04-06,1200,13980,6788,4612,134887,9,2019.54,46381.01,2019-12-07,14011
2019-07-13,240,47527,9281,76520,297780,37,1598.16,47340.53,2021-12-23,14609
2019-10-17,210,60154,2002,31609,260910,48,2565.12,34746.03,2020-03-04,4308
2019-05-02,525,27673,1850,5545,383992,22,5741.92,12333.51,2022-01-06,5873
2019-07-13,452,33578,1494,36618,31839,5,6394.71,37990.55,2021-04-04,14219
2019-05-12,1047,1817,7641,58982,124647,17,2182.59,44420.37,2020-11-04,1962
2019-10-07,116,6836,4645,35116,242816,22,15.9,25016.63,2019-03-24,7266
2019-02-09,6,16157,940,77172,152371,95,6932.39,48733.81,2020-01-04,8367
2019-03-14,751,42782,7458,1492,290228,76,5915.13,17522.73,2021-09-18,4905
2019-03-24,176,42894,7946,51710,136587,62,3527.26,23590.18,2020-01-24,7556
2019-02-03,559,8371,5997,3128,27402,81,7455.67,35575.61,2020-01-27,14513
2019-05-30,815,39755,5211,60150,270492,34,1658.77,40600.83,2020-01-03,15325
2019-07-26,140,25337,3838,10890,245539,41,5927.91,20675.35,2021-12-23,2067
2019-05-06,752,14806,1386,91866,193127,29,1613.86,14629.33,2020-11-06,17725
2019-05-18,802,30586,412,21039,219378,14,7625.45,37727.62,2019-04-02,4475
2019-03-20,118,15204,15,76311,22311,86,3837.58,39874.62,2022-01-20,5443
2019-01-11,732,40973,7663,14565,96609,93,5489.76,16287.82,2019-04-01,8666
2019-07-11,892,27384,5254,29736,232857,17,9495.63,5110.52,2020-09-16,4165
2019-06-27,913,64971,5478,64787,139681,59,9713.47,20655.02,2019-04-23,2217
2019-05-07,593,54497,6930,67181,89246,32,3390.66,37058.74,2022-01-23,10001
2019-07-21,810,39696,4324,61043,189596,50,2988.52,4763.16,2020-04-30,3192
2019-06-10,132,9976,7689,74572,317612,6,2607.88,234.91,2021-08-26,19354
2019-04-14,1151,1056,3315,3352,125985,62,5703.64,42154.37,2021-07-16,3808
2019-08-16,949,74267,3168,78979,348545,61,8245.46,9890.42,2021-05-07,5952
2019-07-11,13,39419,5474,81031,227159,65,5126.78,34363.03,2022-01-20,13557
2019-11-17,162,55732,7321,95328,148397,71,5633.1,21138.84,2021-08-11,15913
2019-05-25,476,4918,8678,64367,363514,76,9003.75,37150.19,2019-05-27,9581
2019-06-09,201,37095,6461,51284,318950,70,6810.87,19148.25,2021-12-05,6251
2019-02-28,1158,59921,8236,71694,145008,80,1337.16,18751.07,2019-04-18,17362
2019-09-30,1010,14900,7931,41239,220040,26,2044.15,8862.44,2020-10-02,14389
2019-10-26,459,31688,6526,4734,36427,45,7689.53,44117.19,2020-11-01,16116
2019-01-29,295,27680,6787,64791,14882,93,3662.12,9956.2,2019-06-10,13827
2019-11-05,475,58573,9444,15044,281100,52,2274.44,6879.01,2019-10-05,12670
2019-09-21,1010,22251,9262,4496,168800,9,2529.24,22921.16,2019-11-28,12101
2019-08-28,798,48464,8115,10521,330784,8,7950.1,4203.23,2019-05-11,7785
2019-02-23,553,3883,3801,49197,275179,87,8847.62,39351.86,2021-10-13,15682
2019-08-31,947,18451,5367,29006,333368,34,3899.89,47310.76,2020-12-29,11181
2019-10-05,397,65248,3425,79163,191028,60,9870.34,22371.33,2019-04-22,17001
2019-12-12,1173,3965,1816,4256,194187,79,2832.82,3090.64,2021-06-15,13681
2019-06-23,1096,60194,5117,80491,128080,59,6855.4,37558.23,2021-01-20,8536
2019-02-12,627,42249,5288,53673,4488,88,7504.03,32542.82,2020-08-05,9822
2019-07-23,839,12421,4224,48093,320693,56,4472.4,29989.94,2021-09-19,367
2019-06-21,98,29854,6499,28487,10283,16,3889.81,25391.08,2020-10-01,14564
2019-11-27,371,50846,8004,37280,228474,16,3046.39,49734.82,2019-06-18,5651
2019-08-26,591,6754,6917,4506,152816,34,8636.88,18047.9,2020-10-18,13431
2019-01-28,715,20207,8237,27312,133780,86,562.12,27378.05,2020-03-02,7862
2019-12-02,273,54277,8396,4444,331741,83,2265.16,38819.78,2020-05-18,7863
2019-11-02,935,46160,7738,93503,169976,6,2197.9,14967.16,2019-07-31,2300
2019-09-03,853,11795,6797,66694,373599,42,6273.37,14855.33,2020-04-06,10180
2019-05-07,66,23400,9633,82392,251453,53,2522.67,25159.06,2019-11-25,15508
2019-07-21,564,40975,7439,34746,131409,93,1953.8,26528.57,2020-12-25,7236
2019-11-14,278,53089,5318,52710,295979,99,9962.31,396.99,2021-10-22,14071
2019-03-27,352,11974,6250,4670,243178,96,828.46,18250.82,2021-09-16,793
2019-01-21,1195,33445,766,48870,47635,73,9951.55,10445.05,2021-11-05,1019
2019-03-01,1119,47773,3926,2485,304696,57,9007.41,45789.83,2019-07-08,13632
2019-11-23,1189,20923,3749,44613,251186,98,8752.86,5317.37,2021-12-17,5038
2019-04-10,32,51481,7009,22477,74648,57,737.97,24509.14,2020-07-24,18123
2019-11-29,993,66676,9375,7171,3163,59,8628.85,6451.36,2020-08-05,10379
2019-05-13,212,20759,4912,61712,148598,55,1944.4,13062.08,2019-07-14,5386
2019-03-22,408,2431,7784,65747,318023,26,521.89,27489.39,2019-08-12,5335
2019-04-18,1145,30155,4594,47379,239983,5,4815.93,30366.12,2020-10-16,10996
2019-10-06,998,7917,4348,61194,75267,52,2009.99,20675.97,2020-06-30,17488
2019-03-30,53,35980,9176,75833,372715,92,2081.56,45754.2,2020-07-17,5793
2019-03-25,229,66148,7288,9631,146458,45,8060.99,4883.38,2020-12-28,4873
2020-01-03,501,19625,9695,84328,125787,9,7652.45,39246.39,2020-07-06,6223
2019-08-07,666,7997,2722,45205,124216,34,2395.53,887.61,2019-12-27,7962
2019-11-06,261,17423,3639,89119,168971,48,5377.13,22120.55,2019-10-12,5649
2019-05-04,795,71624,2107,95597,19663,66,3103.8,45623.25,2020-07-14,15970
2019-09-04,461,56626,2616,71340,338812,94,3716.84,10218.82,2019-03-24,1646
2019-10-24,531,28143,6639,49408,109406,85,2249.0,16754.87,2019-10-03,8163
2019-07-19,901,4519,4815,90529,346776,86,5337.06,11121.85,2020-07-12,13180
2019-02-15,93,3045,6077,34204,188759,51,3307.74,17722.88,2021-09-26,17813
2019-04-21,824,3021,1615,88016,316876,77,7035.1,31918.77,2020-03-14,13313
2019-07-08,1037,40950,2758,82018,203074,74,5831.35,23507.29,2020-06-13,12130
2019-08-24,629,72234,4486,35655,149047,98,7352.12,39905.86,2020-05-22,5774
2019-09-24,129,71937,2695,70093,69259,94,9043.49,9662.76,2019-08-20,15183
2019-11-02,522,48992,3064,496,250241,67,6915.65,4063.37,2020-03-16,12158
2019-04-23,137,23421,3029,83901,87518,54,3346.76,39215.31,2021-05-05,19204
2019-09-10,1034,40342,6089,27856,360368,44,3358.13,31203.66,2020-05-29,5864
2019-07-06,701,54762,6782,45461,263751,93,6071.8,39185.94,2019-03-29,3891
2019-03-15,367,3953,495,64802,114944,22,295.33,14397.66,2019-08-31,17241
2019-07-16,563,50029,5680,44393,164055,93,1005.62,23066.51,2021-08-06,1976
2019-10-22,1166,74870,4754,14516,32506,90,889.34,20016.37,2021-10-14,11362
2019-11-13,743,67084,9046,258,188660,92,8991.09,18989.93,2020-05-08,19286
2019-02-18,195,66860,7620,9670,59900,4,545.75,38364.25,2019-02-17,1481
2019-08-15,744,67850,812,33121,103711,74,8024.31,7551.63,2019-08-13,7555
2019-11-12,713,53577,3379,27435,276503,90,6516.46,31838.0,2019-11-24,10568
2019-10-02,760,17782,9602,42245,29033,84,9974.7,33706.76,2019-04-24,2997
2019-09-24,1057,11067,3460,69190,80573,58,8493.67,21508.1,2019-12-09,13568
2019-03-18,177,3468,8538,1563,200932,85,8899.06,9600.01,2020-07-15,9480
2019-05-22,972,64014,2792,13756,26915,31,1188.01,14180.81,2020-08-29,10135
2019-06-22,264,37051,2617,85158,238806,11,4448.87,35581.46,2019-08-20,18758
2019-02-22,425,28464,9114,41337,243403,43,592.8,15068.85,2019-03-25,16639
2019-06-16,293,7433,8139,48874,15816,27,2203.23,6673.4,2020-01-18,12223
2019-06-03,61,30912,1984,1051,141433,82,5721.31,34673.1,2019-08-25,4996
2019-05-23,752,12612,768,60451,164834,68,231.31,2677.02,2020-04-15,9266
2019-07-27,46,70487,7828,18364,156238,60,4268.34,15944.1,2021-06-12,8578
2019-06-23,667,62247,4809,7430,288753,10,6994.65,3229.32,2020-12-24,10324
2019-12-26,123,16865,7287,19144,135747,100,6257.99,7830.35,2019-04-20,15512
2019-07-07,179,50232,7449,20315,291005,38,6542.0,46607.07,2021-11-30,3828
2019-06-17,145,30565,7691,93816,159472,99,3224.22,12317.92,2020-03-05,14018
2019-04-25,561,71670,1078,12291,9485,7,5078.71,20712.6,2020-11-09,4265
2019-12-21,678,68251,7590,18204,172326,69,8149.99,4791.82,2021-07-29,19996
2019-11-26,918,42612,7049,54737,148269,74,1372.18,49103.59,2021-10-19,7750
2019-01-31,724,51851,2243,82359,349702,56,6680.59,29327.12,2020-11-02,9440
2019-12-20,754,39003,1285,37782,389160,95,5066.54,3863.55,2020-08-22,7012
2019-08-16,843,49491,5088,90180,227604,90,4088.52,22478.92,2020-12-20,14025
2019-07-23,835,36107,5190,46013,283423,9,868.93,13988.59,2020-03-23,4741
2019-12-22,1148,51034,9724,69910,32713,36,2654.38,47460.42,2020-01-27,3132
2019-04-12,65,36223,9815,38903,208478,81,2827.43,45504.53,2020-07-06,19384
2019-05-27,814,56754,4673,21016,27633,8,5323.94,40597.6,2019-08-03,11913
2019-05-27,851,23977,4186,50781,250587,53,9970.84,30465.17,2020-01-15,16073
2019-09-22,364,61009,1414,45631,21620,21,9393.8,13381.39,2020-01-25,19312
2019-09-03,41,39776,883,39902,69547,63,2553.26,7122.69,2019-12-14,1918
2019-02-27,865,30559,9885,50741,88750,71,6556.56,42297.53,2019-04-22,7379
2019-09-01,258,72900,7819,83120,34137,53,4163.69,12693.15,2020-09-03,11509
2019-01-31,268,42554,4718,89802,105027,20,2949.72,11869.45,2019-05-08,12726
2019-07-26,167,25810,3595,15495,351866,99,3542.94,49131.9,2021-04-23,17030
2019-07-28,585,62789,2276,55682,307186,33,7111.32,16185.32,2021-12-31,17149
2019-07-15,733,52191,7503,71163,157377,56,7749.06,36880.76,2020-10-28,3380
2019-08-09,317,16265,7429,72427,22778,76,5801.44,3824.7,2020-10-01,8396
2019-12-28,584,53751,8020,9848,214772,1,6017.9,7403.14,2019-03-13,19677
2019-03-23,788,24217,9969,51601,248604,26,6742.39,18099.35,2019-08-12,3584
2019-11-14,633,48322,2480,37878,303065,35,2324.03,24504.32,2021-01-26,15063
2019-08-08,1024,25160,477,12605,282421,47,4845.36,1230.31,2020-04-20,6915
2019-01-17,660,74271,9570,3653,61160,62,2011.84,23124.62,2019-07-19,18663
2019-11-28,157,72016,7291,41972,293731,11,4453.93,31508.07,2019-11-04,5133
2019-02-08,620,47015,1807,2447,183868,4,8364.63,2973.12,2019-03-24,9190
2019-08-05,551,40989,6443,13843,367611,69,9442.81,40019.02,2021-02-12,6770
2019-08-10,1133,51615,2530,27010,270376,89,1547.04,22448.77,2019-10-17,17133
2019-04-14,531,41790,779,12148,227416,95,9568.53,44199.01,2020-08-18,6042
2019-10-22,1104,27073,3498,7745,364309,56,9161.83,39435.24,2021-09-23,11613
2019-05-29,593,42808,8277,43382,388944,64,6212.12,48119.27,2019-04-03,15623
2019-07-12,527,18577,3196,32003,227502,38,5295.63,22737.89,2022-01-04,5873
2019-03-08,324,74251,3266,70437,246289,1,3981.07,10030.85,2021-08-15,12114
2019-01-18,788,71480,5996,1829,270550,73,6530.13,15919.7,2019-05-12,6456
2019-05-14,236,34857,3257,68507,234377,48,4141.94,20182.21,2021-07-23,11222
2019-02-05,1177,26282,7415,6726,9418,20,3547.47,25756.14,2022-01-24,18334
2019-11-23,39,29163,537,79981,211911,65,7195.2,10674.43,2020-12-31,11116
2019-03-27,1067,32227,608,16091,19943,9,9604.96,1289.24,2019-08-23,18190
2019-03-11,615,25535,8173,29427,315721,63,746.37,34831.52,2019-06-02,5524
2019-11-22,49,47740,284,9282,86001,5,3886.69,25831.13,2019-10-09,17805
2019-02-22,202,71047,4516,78615,271507,1,5014.57,24896.82,2020-06-10,4061
2019-10-31,180,7679,8678,15131,291072,67,7454.31,4532.75,2020-01-20,5647
2019-05-05,1119,23349,408,52849,348459,75,9908.91,43388.97,2021-07-09,5197
2019-04-12,23,18693,7750,37010,365976,47,4085.98,6359.03,2020-10-06,16351
