SupplierID,ProductID,Date,LocationID,SumPrice,AmountProducts
1437,221832,2021-04-10,6272,97026,53
8690,69983,2023-05-08,5444,99654,29
12739,179716,2022-06-04,2093,31138,76
371,28052,2024-10-04,5594,21819,48
8068,349651,2024-05-01,1157,10299,82
11967,97710,2019-09-14,2650,62552,42
2431,171767,2024-05-09,12454,60316,86
9982,110959,2020-01-17,1562,52789,12
3716,291168,2019-06-03,3302,25141,40
11093,54881,2021-12-02,4971,26000,16
6441,15551,2022-01-12,9751,32741,23
14854,191951,2024-12-26,3489,58540,31
6134,59306,2021-03-06,864,22439,59
9778,43335,2020-04-13,14901,50655,64
3908,296464,2023-02-21,4117,80770,80
3250,345077,2020-06-05,13777,86557,38
12282,45012,2024-06-12,6407,20378,96
12323,92891,2020-10-15,9353,38864,23
11218,343464,2021-04-18,14048,88712,84
4513,210072,2019-11-17,11846,81244,32
10826,177058,2020-05-04,4260,61191,11
2064,173609,2023-12-29,5702,14795,8
7641,24279,2022-11-02,2032,32760,48
14446,338248,2024-06-22,10139,17647,11
6613,357145,2022-06-24,9005,13504,69
13555,33716,2020-03-14,10455,25750,13
6125,374727,2022-03-18,7233,77468,28
4423,41356,2022-01-21,6021,17893,67
6455,304240,2021-05-31,2001,28786,16
9977,302873,2022-12-02,7730,73615,18
13220,55646,2024-05-08,3283,35079,12
2529,59819,2022-11-07,4697,33063,90
1393,26617,2022-03-06,1292,4584,19
9746,138917,2022-08-11,8487,40573,64
3180,330203,2019-11-16,14906,93825,14
3320,171421,2023-11-03,2570,62628,80
1978,56655,2022-09-07,2572,53363,85
863,132251,2020-07-27,13995,47188,93
3094,59809,2019-07-06,10603,14315,88
2346,336913,2024-08-02,10647,20694,52
11254,52504,2020-10-07,329,77555,14
8727,274948,2024-06-01,11503,11406,44
1820,246693,2024-01-02,2394,86865,34
1438,316990,2019-12-20,2955,53044,53
14982,262392,2021-02-22,8125,15097,72
12477,61534,2020-03-04,3785,9116,86
13470,64600,2019-08-13,12540,34786,94
11376,54360,2019-01-13,11614,89631,90
4746,78855,2022-03-02,12900,69125,73
9543,8552,2022-09-18,12901,24458,74
8639,183649,2023-05-30,11646,22471,67
8950,47991,2023-03-29,504,11684,100
12213,398016,2020-02-17,6418,76874,78
8580,356688,2023-08-13,3537,49562,59
6545,134560,2020-08-23,8644,61789,97
9408,199534,2022-08-19,11565,87010,95
13032,244281,2024-03-02,9320,6182,74
5172,146614,2022-08-18,6512,71819,10
2262,394830,2022-12-18,11212,88763,86
37,45634,2022-09-19,11721,42818,78
3082,130873,2019-11-18,14861,20016,7
8788,188401,2022-03-22,11142,89880,51
12641,309008,2021-03-25,131,73064,100
14678,114628,2023-08-10,13977,81356,89
7069,186769,2024-06-26,5716,64217,14
3266,138131,2019-04-27,5374,92819,16
1448,356938,2022-06-02,14886,5107,29
12751,126508,2021-10-28,4609,94631,5
3778,44942,2020-08-26,9671,90233,66
11806,124986,2020-01-14,2579,77388,96
10938,206568,2022-04-21,10245,35873,42
7279,171312,2021-01-30,2610,42079,48
2660,350752,2022-03-26,13324,83547,27
7030,279711,2021-12-16,10488,38519,74
7707,247861,2019-05-01,3734,79560,65
1160,148733,2021-05-02,8221,80554,65
3526,341382,2024-02-08,1816,6131,55
5605,14166,2023-11-05,13769,79537,78
631,208808,2024-08-22,2879,55722,10
5412,288453,2021-07-12,2632,11473,60
3943,342602,2022-05-13,71,14954,2
7463,50383,2019-07-06,4248,60436,15
9325,71477,2023-06-21,3703,87151,56
4907,343187,2022-04-23,12797,13623,64
6689,124522,2020-04-05,10975,18207,21
7293,19575,2022-07-06,13830,20603,55
14754,48148,2020-06-10,3761,84838,44
14049,12589,2022-09-05,1840,12917,9
12076,275585,2022-01-04,2054,65691,91
5689,264182,2021-01-21,10017,75647,87
14801,56371,2019-10-28,3428,54690,59
2981,112366,2023-07-31,292,77265,9
2895,111266,2022-07-13,7686,73468,54
6080,358239,2020-01-20,2385,18308,7
13758,282131,2022-09-01,12731,53725,62
2267,298455,2021-10-20,11899,15425,65
6932,334395,2021-03-13,6418,85967,67
14598,378243,2022-05-06,3758,8874,13
1001,223274,2020-05-05,4122,43426,33
9711,341319,2023-05-03,12839,84837,31
10686,45883,2024-07-22,6933,64920,98
13326,217978,2020-06-04,6966,50257,89
10211,12757,2024-05-10,7857,34760,52
10600,350151,2024-10-08,10695,48215,69
5132,195618,2022-06-03,12862,31206,10
13872,68024,2024-10-08,14975,49976,58
534,19955,2020-07-01,12977,64142,39
9085,221463,2024-10-09,6831,73115,67
7570,206997,2020-01-29,10061,18229,79
5687,213045,2019-09-25,13807,7587,77
13964,103719,2024-01-30,4748,5484,64
2439,129888,2019-10-18,4115,39448,39
12556,104018,2024-07-22,9141,35124,79
584,121495,2020-06-29,7512,51307,33
7750,207583,2019-10-28,14999,74052,85
5108,29805,2020-06-11,8445,10512,12
3971,88102,2022-07-28,3438,43651,2
13975,138123,2023-03-28,5492,11913,52
10804,96182,2024-09-30,140,14981,33
10660,381829,2020-09-24,5909,87882,21
10214,142766,2022-06-03,2900,98135,23
11596,57264,2020-11-02,6412,48027,30
14712,174256,2020-09-09,306,89410,85
10597,211363,2020-10-09,5586,42122,63
1151,59866,2019-07-26,1128,47431,10
1202,122803,2022-04-03,10331,63830,89
3737,145541,2024-07-15,8934,23597,76
9961,7661,2020-05-15,12169,16444,46
7468,94614,2022-06-25,794,5487,73
13249,289985,2024-08-30,11565,71238,24
14331,158114,2022-12-24,10354,4515,100
7435,120884,2021-01-17,13034,89591,33
7125,350038,2021-08-24,5723,98914,96
4961,133797,2019-04-02,4605,79150,12
1037,312012,2021-08-21,2178,27689,96
13006,362871,2019-04-11,13108,88285,78
11747,135304,2019-05-12,759,47864,56
6003,215672,2023-07-06,6916,17425,48
14312,293518,2021-10-15,2135,46570,66
4609,89470,2024-08-27,2839,12615,35
9627,36733,2023-05-12,14978,18821,66
14330,18266,2020-04-21,5286,99385,32
10097,241228,2023-01-26,6747,83287,24
740,23982,2022-08-17,2495,84207,37
1874,161392,2021-02-23,313,61387,34
6728,99994,2019-09-02,9646,32756,79
13482,192567,2021-06-07,11162,10013,26
5186,23162,2021-02-05,3883,28275,77
14870,235955,2019-01-25,3747,63586,50
10637,160027,2021-07-26,7319,36737,86
12180,359575,2022-09-03,10266,90640,77
4255,167537,2020-09-07,11416,37354,7
5655,178771,2019-10-17,3838,80999,61
14891,253574,2020-12-22,5962,29272,16
1313,201729,2023-04-25,769,27209,86
11775,192103,2022-01-29,9853,4761,39
3789,362698,2020-07-27,11320,29887,21
13127,249795,2023-09-26,11710,96743,16
13704,205239,2021-10-15,8834,45254,70
9160,350091,2024-09-12,4585,53981,64
8522,365522,2019-11-10,14522,65449,38
14055,264262,2023-11-27,3078,55881,63
13851,377843,2020-03-24,12728,17966,96
6259,144152,2020-06-17,6166,35379,61
6293,38877,2022-03-16,9617,68052,46
7540,55667,2024-09-20,10393,76198,87
10313,233344,2019-05-19,7086,37074,13
10475,303483,2023-02-20,14563,70373,14
12580,6270,2020-09-08,3283,21725,81
9597,128215,2022-01-07,443,47095,91
7305,307172,2019-09-09,3455,49333,64
6168,210583,2019-07-21,6399,59334,50
14218,316906,2020-09-18,13724,43415,74
12378,297856,2020-07-25,9657,75694,6
5181,226534,2020-11-22,14107,87567,86
14,383353,2019-03-02,14485,57364,46
12561,169468,2019-10-03,8953,36154,70
10684,181493,2022-06-25,5015,9450,74
14119,396945,2024-01-12,5925,98753,40
8116,343536,2022-09-16,12613,93949,62
3549,312214,2023-07-10,8256,41080,24
5472,270503,2022-02-07,11130,63872,39
5643,44519,2019-07-15,10144,69341,38
14553,4242,2019-01-23,11061,91392,53
2795,295067,2022-03-22,989,15504,34
14314,357734,2020-07-23,4490,99983,9
2203,246247,2023-05-24,10884,27004,99
8823,231076,2022-02-04,8490,66307,29
7681,22774,2021-01-17,8619,22842,92
8638,347910,2020-09-14,3399,38713,100
6412,163186,2019-03-08,4622,58771,21
2690,250653,2019-10-30,6270,11158,8
7367,168357,2020-04-26,156,5820,84
11955,273611,2021-03-15,10089,94697,15
7501,74204,2019-06-06,10026,75679,77
6421,83774,2024-02-04,1919,15339,29
14250,260005,2021-03-31,9859,30158,1
3574,221557,2021-04-15,14936,43367,9
5494,8006,2024-01-25,1077,24530,89
13229,270668,2021-07-20,10317,31738,75
9903,54455,2024-08-24,502,6084,18
14236,160444,2020-10-11,10266,32202,55
85,55246,2023-05-18,8567,51223,92
4612,337903,2023-08-23,13720,20062,4
8911,172393,2020-09-14,1532,57215,35
14853,104486,2024-12-13,9204,69466,15
14936,192412,2019-07-06,12780,8352,38
9431,348768,2020-04-22,14744,44812,48
13937,138944,2019-10-16,3318,81907,8
6329,203055,2019-07-02,5205,75799,69
13552,3063,2022-04-27,12754,11939,78
2549,363653,2022-05-27,6822,28882,48
8513,126900,2023-07-06,668,41604,88
12073,366538,2020-09-29,4059,52962,78
133,323243,2019-11-25,6345,78584,93
7614,340288,2020-05-27,6600,12007,68
3205,178861,2022-09-19,9975,33904,92
4056,109082,2023-05-01,11683,51796,93
890,297892,2022-02-28,13192,38317,83
2676,376206,2020-06-06,179,78253,62
8966,220251,2024-12-17,4484,7091,99
7724,9430,2024-12-23,3778,89739,8
11390,34828,2021-04-22,3080,94466,26
13901,21043,2020-07-19,6947,99112,78
6228,175101,2020-05-27,8077,8210,93
4384,18384,2020-11-09,6771,95546,78
10432,70440,2021-02-16,9187,51626,68
12819,373225,2023-02-19,12723,30543,6
742,22760,2019-09-12,7513,9871,63
3226,223707,2020-11-05,12376,39789,12
10978,221480,2020-06-07,719,19541,42
5542,87792,2024-08-18,3826,56915,71
3551,6431,2020-04-23,11280,25382,44
11276,296473,2021-07-05,12224,75066,77
3879,60966,2021-12-02,12019,39192,49
13571,341299,2021-12-20,3131,4139,19
5954,349191,2024-11-14,14606,28858,31
5628,144955,2019-03-27,4056,36052,80
6171,312043,2019-12-16,1871,20494,97
1388,171979,2020-12-01,8603,45862,26
14203,130264,2019-10-04,854,43369,81
9168,301854,2019-09-08,8731,85819,38
10034,135458,2020-03-11,8586,48078,6
3592,267850,2024-11-30,10908,41984,70
7370,348832,2019-10-25,7909,50393,88
5444,352309,2020-11-15,5844,8569,55
12955,63941,2024-12-11,13913,50104,25
13922,52753,2019-11-25,12695,11621,73
2730,276805,2021-09-05,11191,83867,76
6885,335946,2021-01-26,3720,19942,29
251,249381,2020-06-15,2947,47817,65
9419,109653,2024-03-02,11617,10194,70
243,296750,2024-03-29,4829,69038,62
13905,222684,2021-02-26,13729,72111,26
897,18625,2022-04-06,12278,25750,28
6459,173339,2019-04-04,5786,69431,70
2935,376276,2024-05-25,3577,93419,7
1960,193751,2020-06-17,4677,63867,91
4534,225891,2020-12-02,12882,70436,94
3692,166207,2020-08-14,5820,23389,91
5903,107394,2023-04-06,13346,17594,57
14635,116958,2020-04-16,2957,57495,70
1135,264585,2023-11-09,10496,9425,14
13289,87477,2019-11-01,1287,39867,67
8103,90462,2024-06-27,10379,16371,35
13860,33256,2019-11-30,13326,97875,54
3867,41680,2022-08-10,10122,64172,3
6555,146458,2020-03-02,1160,38117,47
1259,361967,2022-07-28,8322,81233,96
6976,299178,2019-08-25,7923,4605,37
8584,21533,2022-06-17,4309,95950,47
4472,263745,2024-11-16,6924,59140,48
7732,398323,2023-06-14,6960,76101,39
6069,292951,2021-06-01,6110,70017,44
6346,128065,2021-06-18,7859,17758,21
5510,140631,2019-05-04,214,25082,40
8654,220110,2022-04-13,8371,66976,84
7808,284275,2020-06-09,1214,98241,70
1017,210989,2024-04-27,3708,48744,17
905,272551,2019-07-25,1483,70379,47
8316,353995,2024-10-24,4239,73728,26
12220,243612,2019-01-11,11159,18402,36
7441,45043,2023-03-27,5087,77166,45
12171,245596,2022-11-28,11900,57316,72
13492,239693,2021-03-27,12323,97488,12
1577,31107,2022-08-29,13766,99856,97
6303,292553,2022-03-11,12059,32985,51
10845,191625,2020-04-18,11356,8958,7
6654,24007,2024-07-25,5505,55236,82
519,48522,2020-09-18,3986,72883,4
14062,31148,2021-07-06,13521,95203,34
10833,236798,2020-08-07,12666,47050,100
14014,295108,2020-03-15,7318,97315,42
11617,25193,2022-02-07,8749,90364,69
3939,52137,2022-12-23,13495,50699,77
3410,87116,2021-04-29,3587,77327,85
9156,237610,2022-03-08,12888,14298,18
12574,185238,2020-11-13,2664,86989,30
4994,297816,2020-12-11,1132,35901,81
7085,364329,2019-05-10,4024,7059,33
5514,379989,2022-11-06,8396,94974,30
2800,364945,2020-08-14,14769,8130,33
5796,216107,2022-10-16,4554,13803,90
976,107893,2022-09-22,13875,49922,61
6182,370093,2023-10-21,10082,73541,41
6391,228206,2024-11-14,8922,36154,58
12235,294993,2024-01-15,2422,30273,61
6719,294425,2024-04-27,4875,87199,31
3549,119943,2019-11-30,5077,41085,24
5590,292431,2020-11-29,2661,82539,31
7542,359796,2024-08-23,14358,34364,4
6438,151983,2022-08-16,14878,18518,70
5306,259882,2022-06-14,6581,20732,90
13086,181656,2022-06-09,13972,86056,21
3602,237019,2023-01-29,7126,76152,1
10274,315413,2020-08-01,6655,10416,14
5469,6005,2023-01-06,8333,63976,11
1354,151901,2022-09-12,10099,21638,1
12719,162900,2024-08-31,6354,64495,93
1396,282354,2020-06-01,11993,77591,88
13892,35339,2024-05-18,14595,31075,73
9338,176967,2019-03-19,7111,59584,96
14653,278104,2024-08-17,4105,4803,27
8090,190709,2019-05-18,5331,82239,45
8444,226746,2023-08-22,8760,29193,26
2342,225702,2024-04-24,3464,42814,11
2283,215887,2020-01-19,12819,90501,21
11101,47142,2023-02-11,6206,12540,31
7976,49140,2022-07-30,6731,87849,84
643,390961,2020-05-22,11878,82682,56
8441,323475,2023-10-27,8261,26697,10
9193,207533,2024-04-05,9193,94531,65
7701,8711,2021-09-05,6605,75492,85
11172,228730,2019-07-06,7426,81615,14
4034,280147,2024-01-21,11101,91044,90
13999,282010,2020-06-29,8816,7091,85
6441,280902,2022-07-17,7283,56319,3
11059,254141,2019-05-03,14111,16465,65
4823,57674,2024-04-07,790,55973,5
11321,199116,2019-03-01,471,68509,19
12318,319806,2022-06-29,5806,99090,39
8199,94931,2021-10-04,1026,70218,59
13913,265967,2022-06-30,8329,59104,99
7299,346027,2023-04-10,1021,17211,2
1914,384487,2024-05-01,7693,32580,54
6605,257538,2019-04-28,3341,79886,32
12216,229608,2023-05-31,9766,15291,21
9515,301949,2023-02-12,11175,32220,13
230,162710,2019-03-23,13070,36745,74
13546,303735,2022-03-07,14673,42850,92
8184,376100,2021-07-06,13898,77384,60
7852,53626,2022-01-04,1603,82030,3
3170,34461,2019-05-12,1284,96617,45
5242,331152,2023-11-13,6114,41074,39
10946,269393,2021-12-01,4389,64407,17
14560,322262,2022-03-03,13429,8142,85
610,302203,2021-02-10,4960,41689,7
8622,118251,2021-07-26,13356,67574,91
5098,250271,2022-04-26,5118,78595,88
336,23037,2024-01-02,8220,62365,17
2933,242590,2024-09-27,10014,66696,4
7094,17525,2019-01-31,12060,49804,5
7937,163294,2024-08-16,11032,17181,26
10082,330051,2020-04-04,13525,29946,88
3041,59482,2022-04-05,9909,31644,77
11421,181856,2020-01-30,2341,87122,54
7339,259318,2019-05-09,5600,92154,78
10371,343713,2024-06-04,4024,67655,40
13333,244564,2020-06-10,12487,4201,47
6704,360340,2021-05-07,918,98673,55
12821,307757,2024-09-09,8319,98594,39
9685,17,2022-02-17,6537,37052,35
11921,200502,2023-09-11,11147,82630,86
13175,329215,2020-08-24,3746,97317,85
14819,3366,2023-07-09,2312,13982,10
595,109675,2022-01-13,11325,25982,87
11775,334441,2021-10-18,2816,12635,47
13305,100191,2024-09-05,3857,56069,31
98,130044,2023-06-06,5620,33248,36
5746,242782,2020-04-20,2139,41927,51
2892,11806,2020-08-22,5753,9554,21
1669,53359,2023-11-20,6215,14088,91
14894,394156,2020-10-31,13137,42041,95
3103,255194,2019-02-14,12876,9540,100
12927,128426,2024-01-12,11623,4367,96
11985,140250,2021-06-22,9815,95252,61
1791,88968,2020-07-04,8540,43286,69
3423,245605,2020-08-25,10766,15228,99
2353,122486,2021-07-02,5470,49495,55
9072,42660,2021-04-08,9423,5367,10
9697,298030,2020-06-25,8170,49748,54
13222,157601,2024-04-19,8647,80606,84
471,3496,2024-01-26,11844,47923,50
10877,75045,2024-04-07,9509,67043,62
5607,383939,2019-11-09,4858,25049,97
14347,346156,2024-12-11,7390,90143,82
8402,174588,2020-07-28,6671,73288,57
202,389353,2021-10-30,2022,30111,93
446,11314,2023-08-08,4412,62484,14
1056,87460,2023-11-29,903,17773,82
1126,125521,2024-04-04,13270,58627,85
9863,224574,2022-01-22,10038,22577,87
5848,97295,2019-11-12,12635,74498,31
2,306554,2020-05-08,10077,23889,39
12965,142143,2022-05-26,9453,23510,16
3578,377355,2023-09-25,9772,75248,38
3710,105785,2023-08-26,9565,51110,68
2988,70726,2020-10-01,9842,18311,7
12770,233457,2020-10-03,12258,50567,15
12874,239094,2022-12-09,4624,80515,33
13028,316219,2019-10-20,10470,61628,15
5624,233036,2023-09-03,11213,99740,85
14670,91571,2020-04-06,52,5584,37
5032,278949,2023-06-15,8452,72244,79
9233,110605,2021-04-02,597,5717,48
3960,2834,2022-04-24,5652,13219,54
2561,373611,2023-03-09,6697,18954,33
8075,93943,2020-12-13,11072,19812,12
879,34835,2020-02-23,10785,11583,54
5241,96460,2022-07-22,6262,88038,3
846,253019,2021-08-23,9269,96531,74
7126,215571,2024-03-15,4774,80077,59
3114,216023,2019-01-13,12004,55141,48
3862,331449,2023-07-19,7000,87245,17
13092,283591,2023-08-19,14381,81255,81
6920,319230,2022-07-04,11519,52771,49
14053,382885,2019-04-03,4746,30089,69
7266,364756,2021-01-05,14129,75591,5
13975,67986,2022-10-24,7082,45093,2
1694,263694,2022-02-12,14172,45225,89
13471,178234,2019-08-27,8773,36822,1
4149,226158,2022-04-04,333,50770,80
9886,59953,2024-03-30,12414,32767,77
6124,21474,2019-03-24,192,98813,40
14825,204481,2020-01-26,14009,37594,32
13817,232252,2021-09-09,3690,44695,5
11237,9076,2024-11-04,7471,58206,72
4454,120403,2020-10-31,9491,52809,54
3450,107879,2024-07-12,10702,94965,51
58,223571,2022-12-07,13723,56888,45
6491,163472,2020-11-29,2367,82066,66
5081,314392,2024-11-05,3128,35039,6
4870,383705,2023-04-19,8290,45824,41
13833,346304,2021-01-05,12354,25076,20
11207,328771,2019-03-04,7076,19915,20
3996,20866,2020-12-24,1650,34557,7
13504,204362,2023-07-05,7783,58075,86
469,327710,2023-01-30,2994,65877,39
8625,394025,2021-07-30,1406,69002,22
10909,104863,2024-11-14,2899,87233,56
12283,29316,2024-04-28,9219,66875,5
4328,269085,2024-01-30,814,36623,28
3204,360181,2021-09-27,8577,76660,94
2150,275828,2019-08-25,7574,54969,31
4378,342052,2023-05-07,5687,20352,6
8893,141032,2022-07-28,1816,35021,60
13502,81403,2020-12-14,5086,26560,16
3101,260040,2019-11-02,513,71300,5
4185,232907,2024-01-04,4666,20827,42
14654,48217,2019-09-25,13092,98089,73
12415,307763,2021-12-28,3343,85449,45
6936,74891,2021-03-25,7758,23540,15
4766,387772,2023-06-02,6347,92874,4
967,234229,2023-11-02,12144,92490,17
1044,52982,2021-07-26,3432,7066,42
5994,92091,2021-02-15,2162,36738,9
796,89806,2024-01-11,2240,75887,70
7141,367167,2021-06-04,2042,41825,27
12188,147624,2020-04-13,11335,51745,22
9190,55491,2023-07-23,5495,93272,48
6775,226396,2023-07-21,14768,31593,48
8546,253271,2021-07-12,588,30704,17
14942,354930,2020-10-02,11690,97115,74
7227,141306,2022-03-28,8144,93751,32
2340,98197,2023-01-03,11160,19267,44
1410,287820,2020-03-15,4002,79171,85
3868,193581,2022-03-15,5001,96477,97
12665,148003,2020-04-02,1179,17170,73
4772,90306,2020-10-12,13346,81347,95
6097,262984,2024-02-10,4243,28447,11
10997,336056,2024-09-30,10492,99241,24
14492,220217,2023-01-05,6417,77552,18
619,95530,2020-06-26,1411,51908,10
14958,91474,2024-03-01,13762,63016,17
9848,20967,2024-01-17,11797,39089,96
8653,282205,2022-08-17,5227,67122,67
13301,10692,2023-08-11,10040,18246,34
5341,233711,2020-02-07,6019,49729,65
3851,373943,2024-04-12,2395,4955,77
6162,268630,2024-11-06,2629,83391,97
5211,23114,2020-03-18,10337,41804,67
7912,67493,2021-08-02,14754,23122,23
1766,99548,2019-10-30,2477,71599,47
13267,262792,2020-08-12,8650,23649,68
11739,40054,2019-07-17,11555,89238,57
12718,231330,2019-01-20,2538,82458,95
8012,2086,2019-04-07,2323,51805,6
14862,76008,2021-07-08,4101,32812,12
9608,19971,2023-08-14,5796,39423,18
5121,224230,2023-12-24,6098,92794,46
8816,155580,2023-12-17,6812,43689,60
1984,27969,2021-11-04,2423,12858,6
1940,236714,2022-12-17,14088,14941,57
9596,126367,2024-07-14,2317,60707,42
8460,254774,2023-12-24,7511,40418,5
2954,238494,2020-11-19,11954,40615,62
1281,286080,2022-04-05,8665,25010,44
9563,301325,2023-11-30,3487,20263,50
12518,21705,2024-11-07,7853,37100,70
11320,313344,2019-08-22,7739,50833,34
4367,174677,2024-11-19,3010,60236,57
12226,69816,2023-05-19,8012,81673,29
5869,74720,2021-03-20,13088,57019,37
8691,230741,2020-11-18,13206,56633,81
4781,23128,2020-05-18,12721,16065,87
8433,205060,2024-11-06,11775,72034,42
5235,137162,2020-02-16,7472,54516,8
8507,392484,2020-04-08,12857,96601,50
7386,239082,2022-03-05,5976,73663,33
9041,356813,2021-03-03,1456,5774,36
1748,100906,2019-10-05,12884,8529,24
870,95426,2021-01-30,4538,64328,95
14820,169242,2020-11-06,9454,53137,2
13802,335205,2023-12-19,6134,17219,3
9390,282755,2020-02-09,14085,90081,27
14445,16163,2024-12-12,14948,57493,90
4831,314336,2021-07-27,12564,86586,51
10939,330035,2021-07-15,8884,51518,79
10116,175580,2019-05-18,1906,16235,7
2615,365857,2020-02-14,12930,89797,50
2601,178861,2023-01-26,6504,31508,56
1908,16173,2021-04-05,12380,62177,46
8625,292757,2019-04-27,8567,85894,8
13579,353355,2021-03-27,3255,21200,46
4932,359654,2024-12-10,11399,11434,73
1264,350730,2025-01-06,13860,13900,95
8777,169946,2022-04-20,12266,36110,9
12354,84027,2020-04-05,13223,22587,29
4209,113945,2020-11-08,9990,40564,27
10974,114756,2019-04-14,7859,40042,65
10945,48631,2021-06-23,3628,98576,9
4798,69138,2023-01-26,6240,58198,48
6130,338748,2020-07-17,3039,49858,31
14853,16654,2023-02-27,7524,89868,79
6882,63370,2022-07-07,7463,96643,61
12255,298338,2020-10-17,7903,54633,61
14712,244002,2023-05-08,12666,35268,1
10635,245087,2022-04-23,2161,85965,31
9984,286746,2021-03-31,14463,99627,77
2242,337866,2023-08-17,1088,54808,35
6032,377891,2023-06-07,7302,75727,41
459,313131,2023-07-08,9586,96514,30
9032,104911,2021-01-08,9449,94330,90
871,273288,2019-12-09,11879,44053,37
12702,355911,2020-10-29,7739,64284,55
7434,219887,2019-12-31,1151,7974,52
8003,147908,2023-10-06,13268,73435,82
4278,66379,2021-02-15,7465,42653,39
9219,212823,2020-08-18,7325,53071,30
256,14197,2024-02-23,1241,47631,97
6746,298827,2021-09-27,7832,16587,37
6644,18404,2024-10-05,13184,67523,85
5691,384833,2022-04-20,328,26359,31
9295,119532,2022-12-25,12325,44317,82
4599,15033,2024-04-11,9861,22865,94
6431,143918,2020-08-24,12615,55792,86
8436,172876,2019-07-06,4486,38849,47
12811,224090,2022-05-20,1683,45681,90
9181,23985,2022-06-19,11799,41393,73
6535,13714,2024-05-28,5322,4090,9
12879,3918,2019-04-28,13354,21697,29
6995,225874,2023-05-11,4520,36180,69
8484,314713,2022-05-27,9922,31978,7
3317,145406,2024-04-24,5547,60939,39
8783,169313,2022-10-05,14815,16787,16
3532,376327,2022-02-03,1194,64600,12
9216,331881,2023-02-28,5407,87448,13
14482,278570,2021-12-21,10366,4140,77
14164,146342,2022-03-01,14086,62520,100
6096,336760,2020-01-09,14777,88784,30
12364,309280,2021-11-18,9040,32214,59
6132,75753,2023-01-22,12837,36017,48
15,259815,2021-04-14,6360,28535,39
11674,300122,2021-11-19,12820,49085,83
7897,326775,2023-05-09,7717,80761,81
2312,398084,2019-07-30,4404,92771,16
1688,316305,2023-02-19,4772,20997,94
4787,256499,2022-01-03,9828,64783,19
8507,116131,2024-11-02,13410,11652,100
12827,184305,2020-06-09,14433,82523,82
9234,177534,2019-07-22,9419,63616,74
12272,195066,2021-01-12,11748,35411,20
1985,66378,2023-12-26,5594,8348,11
4171,208883,2020-10-20,1838,44716,95
11031,57516,2020-04-03,9754,72411,24
232,54661,2019-08-01,717,15394,36
7032,42431,2019-12-04,5901,13346,84
10521,383144,2024-02-17,5396,93523,44
2089,277053,2020-11-28,10397,42618,50
13690,352201,2023-12-13,13578,13288,30
7490,102461,2024-03-18,1736,98996,4
4247,311925,2024-02-29,1951,58688,52
10870,157579,2021-09-12,6147,27855,84
13600,360168,2022-08-08,11809,60756,98
2620,75588,2019-02-02,6227,71341,37
6508,83881,2021-05-22,11445,80996,81
3610,87579,2019-06-18,9401,30336,31
13699,384324,2019-06-10,1122,82600,96
11080,230911,2024-04-07,10907,98533,14
13033,280663,2024-01-10,12078,41660,62
14575,59988,2022-12-08,9597,18886,58
14716,244092,2024-09-18,11023,43195,64
4261,300952,2020-10-08,8344,64986,20
6789,359362,2021-10-18,10389,41231,69
14283,337397,2021-07-05,8668,55593,21
3056,387104,2019-02-10,14626,98269,48
7806,363734,2020-08-02,6791,98920,19
8227,332373,2024-12-02,1851,16402,87
2877,55963,2019-06-03,13790,54371,89
12779,324785,2019-01-28,1096,86918,21
3388,224950,2024-09-25,610,21153,35
4609,340754,2023-08-21,10969,19060,41
14696,276177,2023-07-10,11199,38939,82
12441,40550,2021-12-04,5453,94873,95
14979,296875,2021-08-09,10640,73773,67
12919,175260,2021-09-04,9609,77221,47
10988,140041,2022-11-18,11251,38907,61
12582,387786,2020-12-18,9639,21467,79
4246,110987,2021-07-07,5213,67832,26
6196,294481,2023-06-18,12904,23230,32
11089,312892,2019-07-05,9114,92554,20
13225,17101,2020-02-05,14479,93762,20
6001,329314,2021-12-13,8147,59431,46
7876,272105,2021-06-16,8158,29029,81
990,304559,2019-12-18,7760,4862,97
13447,136580,2021-10-08,6230,64070,81
1899,6767,2024-10-17,8868,6157,49
1834,370969,2024-04-25,12226,68314,58
5786,399088,2024-12-23,12485,7145,3
1816,253796,2024-09-29,12021,38046,25
11618,305732,2022-08-29,10134,94758,1
4579,290188,2023-05-27,6078,54738,29
9503,252906,2024-08-15,7985,60269,34
2770,271094,2020-05-24,7049,46478,58
8338,320483,2024-07-23,10825,10951,76
1041,43841,2019-05-20,8264,42050,59
6079,232976,2022-04-28,6323,76729,74
4394,131569,2022-08-06,5010,63789,41
13886,342205,2024-08-05,13260,39987,48
653,386682,2020-06-13,14779,86148,63
12829,168846,2024-05-14,2306,87455,12
13911,395850,2024-10-13,4948,93104,18
67,200409,2022-05-15,5080,49046,74
2757,280806,2020-04-22,6491,37592,10
1416,38874,2020-01-13,10295,61119,13
6219,192632,2020-08-07,2771,76346,10
1074,302931,2022-02-02,7055,26042,37
363,75492,2021-01-10,3862,14945,86
8269,282096,2022-08-04,4387,77211,35
10593,362765,2023-05-20,10926,95301,69
14659,212187,2020-10-31,462,78676,17
9917,278504,2023-03-16,7382,69035,68
1796,342059,2021-06-07,7792,66323,36
4544,174000,2021-08-03,530,23524,31
13781,334361,2022-09-14,1042,30721,8
9157,134857,2023-08-30,7436,11313,8
1780,388792,2024-08-05,14843,53787,68
6622,254230,2021-07-27,2177,95450,91
10162,392690,2024-01-20,7286,58158,99
4472,8671,2021-11-15,14234,84987,80
2259,142942,2021-08-09,5434,82363,20
4064,384612,2022-03-10,12177,98607,75
12838,335763,2020-02-17,10184,5093,42
11799,234227,2023-09-14,10327,92707,29
2868,228952,2023-12-14,7958,19403,17
11528,40631,2022-12-17,6876,34023,74
3935,253530,2019-10-09,261,49081,76
8451,387393,2021-01-29,9782,46783,41
6433,225162,2022-12-24,6007,87588,8
10640,10209,2020-12-10,11772,52533,38
10393,106746,2025-01-04,13807,28676,73
4536,358791,2023-12-11,3903,72019,93
13002,124008,2022-06-22,2305,34651,96
10203,325472,2023-01-29,8933,85757,79
10837,368233,2021-05-07,1126,78425,62
6630,345255,2021-08-24,13211,66577,90
11872,321704,2021-10-14,262,13350,86
8306,323058,2023-01-21,7370,55979,93
4147,195934,2022-05-30,8411,77279,81
13786,361365,2020-07-08,5635,96104,20
14661,364044,2020-10-20,10720,32970,46
11329,11659,2023-09-19,13408,49011,50
2533,90363,2023-07-29,6981,45590,85
2225,53603,2022-08-30,4299,90574,97
11339,241513,2020-01-11,2244,54142,7
10320,201766,2021-11-09,8273,41209,10
4834,56715,2021-08-15,7048,7747,55
1367,390298,2023-12-28,62,37067,37
12259,63071,2024-02-09,12439,35797,85
13777,6048,2022-01-14,5429,64411,30
8335,20955,2020-04-08,7579,29514,25
8792,24174,2023-12-17,8444,60035,40
8856,342311,2019-05-04,6391,55100,11
10781,316811,2022-04-20,11662,35574,77
5839,380374,2019-12-22,10381,15645,22
12534,376805,2021-08-25,7203,15731,47
7557,169108,2025-01-07,3084,83020,92
4524,359397,2019-03-07,8346,83230,45
13972,309307,2020-11-22,13579,67302,50
8526,102460,2022-02-06,2630,5844,28
5072,358752,2023-02-21,4687,31161,77
4179,187963,2020-02-15,2276,59560,4
2010,244538,2020-03-26,10324,40203,14
4419,172038,2021-06-03,695,6173,67
7276,254765,2021-03-11,6718,78936,57
10093,172786,2020-03-21,12134,86275,92
10422,114126,2020-10-30,9697,81673,12
6079,140350,2023-06-17,5879,56252,47
8602,380484,2020-05-11,14641,73445,6
6856,232710,2020-10-25,7152,95363,4
2929,884,2024-08-30,8356,50551,54
10119,329760,2024-09-23,6024,33764,40
403,29470,2020-01-17,2387,25294,95
14681,204837,2024-04-17,12338,51417,21
4647,176100,2024-12-18,8750,27578,84
6287,253675,2024-09-20,443,12866,71
6575,129075,2024-11-13,12770,62237,82
9935,134344,2021-08-08,3173,44651,79
3173,391473,2021-10-05,542,78124,3
11786,13457,2023-06-07,4611,28026,50
12071,132548,2023-04-25,12720,25766,83
947,283282,2022-09-30,1639,41204,34
3150,129185,2024-12-12,4890,92088,18
179,199359,2022-11-11,13933,93123,68
13249,98094,2021-05-11,7675,79123,66
11483,356287,2021-12-28,145,48100,93
1170,264982,2023-06-18,13317,15253,86
1634,174671,2022-03-07,4823,56583,42
12288,83167,2024-02-04,3974,65563,38
7848,292936,2021-02-08,4707,46420,46
14861,9812,2021-10-25,10163,69207,70
3203,183590,2021-07-01,13342,57294,96
1458,73851,2020-08-04,2057,23962,32
2398,290225,2024-09-15,11702,66418,45
3078,309865,2020-10-21,9931,61412,74
8246,132691,2019-09-08,14613,93746,93
3580,4087,2020-04-13,2418,24175,76
5377,288046,2022-11-25,4947,77924,94
11074,198585,2020-02-22,5272,49425,91
6087,146877,2022-12-31,9353,66767,46
8135,43947,2019-03-28,12519,83921,69
5137,295942,2019-07-19,9501,43064,72
13702,13020,2021-09-26,14371,92643,92
9470,70641,2019-07-23,11210,29552,21
1041,183411,2019-06-05,9443,97038,45
12959,266343,2020-03-14,12899,97896,30
9221,51283,2020-11-17,7143,29695,90
1992,71984,2024-04-05,8691,52595,28
7355,371007,2020-05-11,6093,54569,80
3327,364406,2023-04-01,12546,87443,23
10193,271692,2023-07-27,5495,43308,14
11357,231870,2023-05-11,5786,78640,44
11782,31941,2022-10-11,13519,87997,11
6168,296046,2024-09-28,7804,74778,72
6799,157885,2019-08-03,1458,5441,1
993,150994,2024-07-01,11347,58742,35
2758,158654,2020-01-06,5961,15761,42
8849,196860,2020-08-06,10256,39241,64
2366,357875,2022-12-21,7336,51780,14
721,395264,2024-07-23,12319,76726,35
10918,375918,2022-10-13,9852,31860,17
14640,300368,2021-12-19,13106,57222,1
11551,8554,2020-09-02,10126,88133,9
12581,94835,2022-04-14,2980,29936,59
1709,20591,2021-12-10,5488,97003,27
1758,149517,2021-12-18,4888,48753,80
12801,229142,2023-06-16,2682,39116,56
6457,387543,2021-12-09,7963,51339,39
2234,185093,2021-03-22,14061,27710,76
3348,78273,2020-05-20,6981,98677,68
12598,46077,2023-04-11,14767,87131,81
5540,279630,2021-12-30,8567,92621,94
13153,283848,2020-06-30,12184,71863,58
7895,82421,2020-09-21,1854,57824,52
14511,351022,2023-02-23,13750,16496,92
324,172680,2019-09-22,12890,63433,53
13824,62019,2025-01-08,10212,90929,5
985,333016,2024-01-24,2611,57561,44
2017,270239,2022-05-12,6901,15660,68
14255,77882,2023-11-17,5672,40800,40
6198,319668,2020-02-17,14989,18493,35
3993,371151,2022-01-26,11416,66458,95
8313,34411,2019-11-22,435,84590,45
7122,104524,2020-02-05,11104,5444,69
10260,120952,2024-03-06,13167,14354,42
4452,376783,2023-12-08,9025,77479,63
9255,332985,2023-04-28,9101,69594,65
8996,366946,2020-10-22,14702,59466,42
5535,8909,2023-01-29,8913,62718,61
5101,59513,2020-05-19,7796,6966,76
12369,158208,2022-10-31,8820,64745,82
8854,285782,2023-07-27,3833,9179,52
11020,255345,2019-05-12,11255,16645,47
3386,189002,2022-06-21,992,94076,6
570,131418,2020-01-29,11807,77600,83
12465,65455,2022-01-06,1729,79357,1
8201,364011,2024-10-07,6042,21507,22
9115,208967,2020-02-09,7763,6689,54
1730,19618,2021-12-30,1746,22181,22
13172,392616,2019-05-24,281,90836,100
13623,91905,2024-03-12,8317,37732,99
4507,124647,2019-05-02,11772,91922,56
3149,172049,2023-06-17,8404,57252,5
10602,40328,2020-05-30,14951,21732,100
7368,2173,2020-02-20,3195,75301,54
214,99926,2023-12-12,2513,21239,46
11762,170976,2023-06-10,6874,18732,52
10080,47704,2020-03-10,8533,94681,18
2849,389418,2022-04-06,550,30343,16
10575,319091,2024-01-24,1318,68063,90
7190,120962,2021-05-25,2067,34168,25
6177,380441,2022-12-26,7409,50238,50
2499,255023,2024-01-15,7153,60383,23
7105,119186,2024-02-19,7987,49021,43
10172,371777,2023-12-29,9442,43128,59
8976,225553,2019-10-18,5350,51049,18
8380,7887,2019-08-14,13189,77681,56
5543,221148,2019-11-28,2923,69786,28
3477,201424,2023-06-02,8588,29196,15
9893,266218,2023-04-01,875,49049,22
6117,8687,2019-02-15,14565,54704,79
6277,109735,2024-12-13,6040,61222,54
14693,337298,2022-12-15,9589,58249,97
917,13194,2024-11-24,4120,41568,84
4612,147086,2024-07-04,4110,70611,14
14786,329197,2021-03-02,9314,10324,22
8901,296914,2024-01-31,326,65497,72
720,228961,2022-11-29,3563,16408,15
11309,131222,2019-06-07,4914,67358,92
8316,397663,2020-08-30,8037,70502,28
8928,99535,2022-12-26,2845,65725,59
3493,226295,2019-05-26,11117,13788,2
13197,196640,2021-11-22,8919,75566,14
13927,24683,2024-03-16,428,16343,64
5887,289195,2019-07-14,3682,87623,55
7761,221657,2022-03-15,14483,59008,73
13472,140783,2024-03-07,1530,36673,22
8938,350989,2024-03-31,672,66926,97
14787,113702,2022-06-14,4704,21635,46
9307,351715,2020-07-07,2296,51916,24
10753,289224,2019-09-11,13732,92633,3
12202,125671,2022-01-13,12480,89586,96
4404,322355,2023-10-30,11370,36618,21
1379,76616,2019-04-19,9473,85395,19
12240,176808,2021-04-12,9383,18139,5
623,113711,2020-04-15,2835,10373,47
4258,46912,2023-12-09,5599,58831,92
6267,306050,2019-06-18,4920,92036,44
7198,9649,2020-10-11,1124,96917,27
12931,138054,2020-09-12,13014,67324,7
6205,318955,2023-06-27,5685,11671,48
7995,135766,2021-11-15,659,20324,24
12002,202651,2022-07-13,5380,26257,23
6998,394023,2021-12-15,862,94979,94
12519,238008,2023-11-03,6877,59932,66
14077,55228,2022-07-27,7698,82512,70
6544,313337,2024-02-08,12669,49739,81
8701,47061,2024-02-29,11496,59169,1
2357,386280,2021-05-07,4923,6108,69
6797,394448,2019-03-08,3932,91460,86
9758,242781,2023-09-24,3886,82225,29
10362,335643,2024-08-15,14066,49896,54
9929,160500,2022-05-16,1673,33620,7
9774,165783,2021-03-17,13737,62841,15
5386,175763,2023-03-07,10686,7787,22
3334,364535,2021-06-08,8725,7602,66
5136,190505,2024-03-01,2987,55056,96
3163,186321,2020-11-20,1762,95680,90
13151,31098,2022-06-22,4834,43425,85
7650,34041,2021-07-10,6487,99986,20
12440,274532,2020-05-15,13965,91719,69
11932,88067,2020-06-27,13220,26683,42
9183,159516,2024-02-13,7521,81230,43
11790,333746,2021-04-17,10922,38270,13
5696,121772,2023-12-10,8277,70537,30
8925,245788,2023-09-10,5816,84287,59
2080,336641,2019-08-13,4368,63925,89
350,257711,2019-07-20,3867,53654,41
9228,120343,2019-10-31,2206,88863,91
13611,91645,2019-01-22,7901,19529,100
12088,57067,2020-03-07,1714,51677,49
3948,300618,2023-07-17,9809,9722,11
11940,381622,2024-04-17,10741,4941,96
2741,163862,2024-09-07,8861,62337,4
1961,199118,2020-10-29,4417,45970,45
5240,49361,2020-08-18,4572,22091,74
5395,342034,2019-02-25,6942,61237,93
6740,38683,2019-10-18,6267,17779,40
10194,228368,2021-12-31,12243,91202,55
4102,1659,2024-02-27,14777,38529,62
13665,164925,2022-01-11,5539,52641,97
940,62444,2022-08-10,2139,32835,82
535,121195,2021-11-16,2496,38163,75
14458,80237,2020-03-08,847,84279,80
4352,269576,2023-08-13,9027,16610,62
811,98090,2019-05-19,13792,97061,33
6348,77702,2021-01-07,953,17227,14
14692,11536,2023-04-04,8572,87294,64
1037,13480,2024-01-21,14434,43261,24
12832,325159,2019-12-01,7399,83703,21
6464,79230,2019-12-30,2310,5430,10
8118,309370,2021-06-02,4566,5652,41
10115,395840,2022-08-27,9185,54397,51
9274,22214,2020-08-05,5395,86560,60
11233,395141,2024-12-11,8887,99753,71
5765,356984,2023-03-19,4012,31930,57
7929,124504,2020-09-22,2344,68917,93
211,79285,2023-07-17,9781,66974,85
3682,286913,2022-10-02,14135,35549,29
7373,29469,2021-08-14,9176,50526,9
7719,201413,2019-09-20,8138,27404,90
3484,177638,2025-01-05,7497,29173,73
5969,204271,2024-10-13,9618,66161,1
13392,48808,2020-10-18,13448,72661,74
585,210482,2019-03-09,4574,86652,64
11714,14679,2024-09-13,2459,7253,11
3128,58912,2020-05-15,6955,5908,68
5047,224550,2019-08-01,13971,29965,80
2146,276159,2024-04-05,666,56001,26
5021,210066,2022-12-12,11754,86660,11
14565,263544,2020-09-09,7465,29919,56
8945,51365,2021-12-13,12245,25295,35
9254,223680,2021-02-23,9502,29493,35
6618,190790,2021-09-11,7469,94945,50
5676,237215,2023-10-16,14505,31328,89
5435,30101,2022-08-22,1669,81054,12
12375,249476,2019-11-24,7791,28939,6
1673,346703,2023-04-15,10321,31558,77
11628,64348,2022-01-07,9370,69291,81
4026,322340,2021-07-07,13317,70694,22
6032,348804,2024-08-11,8914,82167,83
4008,166071,2021-08-28,1267,25755,70
9516,367650,2023-04-22,7260,10361,33
8487,120327,2022-04-11,10851,13348,76
7690,384000,2023-11-15,9345,69410,64
14828,277891,2021-12-13,6279,65670,22
6479,314112,2023-06-19,5523,39114,44
7356,164291,2022-03-23,4223,23038,51
5476,392597,2024-09-17,6386,17084,72
545,349897,2019-08-04,3127,61625,71
8603,194311,2024-06-14,6180,28153,47
2548,223948,2023-09-08,5774,90044,28
10226,392144,2023-09-28,10781,37507,91
2620,218061,2023-07-31,11893,99843,13
13373,394536,2024-05-14,13295,72854,6
3383,155439,2021-07-25,10432,97368,34
5790,21435,2020-12-04,9361,12151,95
4706,132520,2022-04-02,8781,45967,57
14036,151435,2023-09-12,3222,92415,39
465,149356,2020-09-16,3602,45246,92
1460,158207,2022-10-01,12492,60372,27
8589,207334,2019-08-08,8355,11064,31
6500,189853,2023-07-06,6107,12637,29
11213,316072,2022-01-27,14839,83553,15
4044,67363,2022-09-16,7298,41365,59
9061,172204,2023-03-08,819,97600,90
13766,354212,2023-03-01,11005,89125,3
8859,346014,2023-10-14,8729,15905,69
13609,336221,2020-08-14,9909,68571,95
404,129739,2023-08-18,14455,94791,17
10371,64819,2022-09-16,1909,87589,60
7776,301129,2021-11-22,986,37999,34
7360,83818,2019-11-30,6896,88734,11
8065,137769,2024-02-05,14712,13804,63
2905,246702,2020-12-19,14904,34257,9
10386,380942,2023-03-22,10044,50364,96
8780,209605,2023-06-12,4360,89843,60
6837,276917,2021-12-13,1219,93844,22
5322,285588,2020-11-11,225,45544,13
3719,73881,2019-01-30,14910,24407,47
10441,289217,2021-06-15,8069,43123,44
3122,98077,2022-07-22,743,55187,70
11306,79625,2020-03-03,6802,11740,81
13554,287904,2019-11-30,5242,82279,40
8051,99132,2021-08-02,11626,55875,97
8829,372469,2020-08-31,5153,69611,87
445,339857,2024-03-18,12637,39199,59
4716,67445,2023-08-18,8872,62501,74
5188,312375,2020-01-07,14497,94473,60
11550,5547,2024-01-13,8528,76240,45
1185,201369,2022-05-22,6170,39797,74
6527,389932,2020-08-25,10431,86337,4
9901,288149,2021-05-15,6759,76603,23
12451,343824,2022-03-11,2245,55156,77
11904,206935,2024-07-24,11610,27811,48
104,12302,2021-06-01,9221,64929,44
3274,223070,2021-10-20,3214,69696,4
8529,113941,2022-06-30,12779,99504,9
4445,296565,2024-05-23,4702,52611,99
4576,335298,2021-05-06,10060,66034,58
